Sequence,PHYLUM,CLASS,ORDER,FAMILY,GENUS
S003747738,Proteobacteria,Alphaproteobacteria,Rhodobacterales,Rhodobacteraceae,Rhodobaca
S000392825,Proteobacteria,Alphaproteobacteria,Rhodobacterales,Rhodobacteraceae,Rhodobaca
S003615628,Proteobacteria,Alphaproteobacteria,Rhodobacterales,Rhodobacteraceae,Rhodobaca
S004229513,Proteobacteria,Alphaproteobacteria,Rhodobacterales,Rhodobacteraceae,Rhodobaca
S001014626,Proteobacteria,Alphaproteobacteria,Rhodobacterales,Rhodobacteraceae,Rhodobaca
S000021011,Proteobacteria,Alphaproteobacteria,Rhodobacterales,Rhodobacteraceae,Rhodobaca
S000860315,Proteobacteria,Alphaproteobacteria,Rhodobacterales,Rhodobacteraceae,Rhodobaca
S001156273,Proteobacteria,Alphaproteobacteria,Rhodobacterales,Rhodobacteraceae,Rhodobaca
S000390053,Proteobacteria,Alphaproteobacteria,Rhodobacterales,Rhodobacteraceae,Rhodobaca
S000712431,Proteobacteria,Alphaproteobacteria,Rhodobacterales,Rhodobacteraceae,Rhodobaca
S001239911,Proteobacteria,Betaproteobacteria,Methylophilales,Methylophilaceae,Methylobacillus
S004044895,Proteobacteria,Betaproteobacteria,Methylophilales,Methylophilaceae,Methylobacillus
S000625484,Proteobacteria,Betaproteobacteria,Methylophilales,Methylophilaceae,Methylobacillus
S000436938,Proteobacteria,Betaproteobacteria,Methylophilales,Methylophilaceae,Methylobacillus
S002304658,Proteobacteria,Betaproteobacteria,Methylophilales,Methylophilaceae,Methylobacillus
S002166670,Proteobacteria,Betaproteobacteria,Methylophilales,Methylophilaceae,Methylobacillus
S000418497,Proteobacteria,Betaproteobacteria,Methylophilales,Methylophilaceae,Methylobacillus
S000436939,Proteobacteria,Betaproteobacteria,Methylophilales,Methylophilaceae,Methylobacillus
S002304350,Proteobacteria,Betaproteobacteria,Methylophilales,Methylophilaceae,Methylobacillus
S002166669,Proteobacteria,Betaproteobacteria,Methylophilales,Methylophilaceae,Methylobacillus
S004501001,Proteobacteria,Gammaproteobacteria,Gammaproteobacteria_incertae_sedis,Simiduia,Simiduia_fam
S004220639,Proteobacteria,Gammaproteobacteria,Gammaproteobacteria_incertae_sedis,Simiduia,Simiduia_fam
S004062418,Proteobacteria,Gammaproteobacteria,Gammaproteobacteria_incertae_sedis,Simiduia,Simiduia_fam
S003803286,Proteobacteria,Gammaproteobacteria,Gammaproteobacteria_incertae_sedis,Simiduia,Simiduia_fam
S004091208,Proteobacteria,Gammaproteobacteria,Gammaproteobacteria_incertae_sedis,Simiduia,Simiduia_fam
S004504910,Proteobacteria,Gammaproteobacteria,Gammaproteobacteria_incertae_sedis,Simiduia,Simiduia_fam
S001189264,Proteobacteria,Gammaproteobacteria,Gammaproteobacteria_incertae_sedis,Simiduia,Simiduia_fam
S004062419,Proteobacteria,Gammaproteobacteria,Gammaproteobacteria_incertae_sedis,Simiduia,Simiduia_fam
S003803284,Proteobacteria,Gammaproteobacteria,Gammaproteobacteria_incertae_sedis,Simiduia,Simiduia_fam
S001612978,Proteobacteria,Gammaproteobacteria,Gammaproteobacteria_incertae_sedis,Simiduia,Simiduia_fam
S001098251,Proteobacteria,Gammaproteobacteria,Alteromonadales,Alteromonadales_incertae_sedis,Teredinibacter
S004504913,Proteobacteria,Gammaproteobacteria,Alteromonadales,Alteromonadales_incertae_sedis,Teredinibacter
S004489264,Proteobacteria,Gammaproteobacteria,Alteromonadales,Alteromonadales_incertae_sedis,Teredinibacter
S004504911,Proteobacteria,Gammaproteobacteria,Alteromonadales,Alteromonadales_incertae_sedis,Teredinibacter
S000541104,Proteobacteria,Gammaproteobacteria,Alteromonadales,Alteromonadales_incertae_sedis,Teredinibacter
S002287897,Proteobacteria,Gammaproteobacteria,Alteromonadales,Alteromonadales_incertae_sedis,Teredinibacter
S000541103,Proteobacteria,Gammaproteobacteria,Alteromonadales,Alteromonadales_incertae_sedis,Teredinibacter
S000484535,Proteobacteria,Gammaproteobacteria,Alteromonadales,Alteromonadales_incertae_sedis,Teredinibacter
S001098252,Proteobacteria,Gammaproteobacteria,Alteromonadales,Alteromonadales_incertae_sedis,Teredinibacter
S002289933,Proteobacteria,Gammaproteobacteria,Alteromonadales,Alteromonadales_incertae_sedis,Teredinibacter
S004473579,Proteobacteria,Gammaproteobacteria,Pasteurellales,Pasteurellaceae,Aggregatibacter
S003222587,Proteobacteria,Gammaproteobacteria,Pasteurellales,Pasteurellaceae,Aggregatibacter
S004070281,Proteobacteria,Gammaproteobacteria,Pasteurellales,Pasteurellaceae,Aggregatibacter
S001872179,Proteobacteria,Gammaproteobacteria,Pasteurellales,Pasteurellaceae,Aggregatibacter
S004460385,Proteobacteria,Gammaproteobacteria,Pasteurellales,Pasteurellaceae,Aggregatibacter
S004056834,Proteobacteria,Gammaproteobacteria,Pasteurellales,Pasteurellaceae,Aggregatibacter
S004071091,Proteobacteria,Gammaproteobacteria,Pasteurellales,Pasteurellaceae,Aggregatibacter
S000408705,Proteobacteria,Gammaproteobacteria,Pasteurellales,Pasteurellaceae,Aggregatibacter
S000368470,Proteobacteria,Gammaproteobacteria,Pasteurellales,Pasteurellaceae,Aggregatibacter
S002236409,Proteobacteria,Gammaproteobacteria,Pasteurellales,Pasteurellaceae,Aggregatibacter
S000002029,Proteobacteria,Alphaproteobacteria,Rhodobacterales,Rhodobacteraceae,Phaeobacter
S003750798,Proteobacteria,Alphaproteobacteria,Rhodobacterales,Rhodobacteraceae,Phaeobacter
S001187932,Proteobacteria,Alphaproteobacteria,Rhodobacterales,Rhodobacteraceae,Phaeobacter
S001187917,Proteobacteria,Alphaproteobacteria,Rhodobacterales,Rhodobacteraceae,Phaeobacter
S001187960,Proteobacteria,Alphaproteobacteria,Rhodobacterales,Rhodobacteraceae,Phaeobacter
S004068761,Proteobacteria,Alphaproteobacteria,Rhodobacterales,Rhodobacteraceae,Phaeobacter
S000447880,Proteobacteria,Alphaproteobacteria,Rhodobacterales,Rhodobacteraceae,Phaeobacter
S000447881,Proteobacteria,Alphaproteobacteria,Rhodobacterales,Rhodobacteraceae,Phaeobacter
S003717979,Proteobacteria,Alphaproteobacteria,Rhodobacterales,Rhodobacteraceae,Phaeobacter
S001187945,Proteobacteria,Alphaproteobacteria,Rhodobacterales,Rhodobacteraceae,Phaeobacter
S003748664,Proteobacteria,Alphaproteobacteria,Caulobacterales,Caulobacteraceae,Caulobacter
S004217754,Proteobacteria,Alphaproteobacteria,Caulobacterales,Caulobacteraceae,Caulobacter
S003942200,Proteobacteria,Alphaproteobacteria,Caulobacterales,Caulobacteraceae,Caulobacter
S003789601,Proteobacteria,Alphaproteobacteria,Caulobacterales,Caulobacteraceae,Caulobacter
S002449671,Proteobacteria,Alphaproteobacteria,Caulobacterales,Caulobacteraceae,Caulobacter
S001014636,Proteobacteria,Alphaproteobacteria,Caulobacterales,Caulobacteraceae,Caulobacter
S003748667,Proteobacteria,Alphaproteobacteria,Caulobacterales,Caulobacteraceae,Caulobacter
S004234259,Proteobacteria,Alphaproteobacteria,Caulobacterales,Caulobacteraceae,Caulobacter
S003748674,Proteobacteria,Alphaproteobacteria,Caulobacterales,Caulobacteraceae,Caulobacter
S000113246,Proteobacteria,Alphaproteobacteria,Caulobacterales,Caulobacteraceae,Caulobacter
S004455187,Proteobacteria,Alphaproteobacteria,Rhizobiales,Hyphomicrobiaceae,Maritalea
S004455195,Proteobacteria,Alphaproteobacteria,Rhizobiales,Hyphomicrobiaceae,Maritalea
S003263462,Proteobacteria,Alphaproteobacteria,Rhizobiales,Hyphomicrobiaceae,Maritalea
S000967511,Proteobacteria,Alphaproteobacteria,Rhizobiales,Hyphomicrobiaceae,Maritalea
S003610261,Proteobacteria,Alphaproteobacteria,Rhizobiales,Hyphomicrobiaceae,Maritalea
S002236257,Proteobacteria,Alphaproteobacteria,Rhizobiales,Hyphomicrobiaceae,Maritalea
S002236256,Proteobacteria,Alphaproteobacteria,Rhizobiales,Hyphomicrobiaceae,Maritalea
S002236258,Proteobacteria,Alphaproteobacteria,Rhizobiales,Hyphomicrobiaceae,Maritalea
S004481488,Proteobacteria,Alphaproteobacteria,Rhizobiales,Hyphomicrobiaceae,Maritalea
S000893696,Proteobacteria,Alphaproteobacteria,Rhizobiales,Hyphomicrobiaceae,Maritalea
S000627790,Proteobacteria,Alphaproteobacteria,Rhizobiales,Xanthobacteraceae,Labrys
S000727784,Proteobacteria,Alphaproteobacteria,Rhizobiales,Xanthobacteraceae,Labrys
S002949733,Proteobacteria,Alphaproteobacteria,Rhizobiales,Xanthobacteraceae,Labrys
S003614608,Proteobacteria,Alphaproteobacteria,Rhizobiales,Xanthobacteraceae,Labrys
S001265065,Proteobacteria,Alphaproteobacteria,Rhizobiales,Xanthobacteraceae,Labrys
S004495581,Proteobacteria,Alphaproteobacteria,Rhizobiales,Xanthobacteraceae,Labrys
S004234179,Proteobacteria,Alphaproteobacteria,Rhizobiales,Xanthobacteraceae,Labrys
S004495582,Proteobacteria,Alphaproteobacteria,Rhizobiales,Xanthobacteraceae,Labrys
S000806423,Proteobacteria,Alphaproteobacteria,Rhizobiales,Xanthobacteraceae,Labrys
S003263356,Proteobacteria,Alphaproteobacteria,Rhizobiales,Xanthobacteraceae,Labrys
S000805073,Proteobacteria,Gammaproteobacteria,Thiotrichales,Piscirickettsiaceae,Thioalkalimicrobium
S003917322,Proteobacteria,Gammaproteobacteria,Thiotrichales,Piscirickettsiaceae,Thioalkalimicrobium
S004065717,Proteobacteria,Gammaproteobacteria,Thiotrichales,Piscirickettsiaceae,Thioalkalimicrobium
S000391693,Proteobacteria,Gammaproteobacteria,Thiotrichales,Piscirickettsiaceae,Thioalkalimicrobium
S000387300,Proteobacteria,Gammaproteobacteria,Thiotrichales,Piscirickettsiaceae,Thioalkalimicrobium
S002949515,Proteobacteria,Gammaproteobacteria,Thiotrichales,Piscirickettsiaceae,Thioalkalimicrobium
S004065718,Proteobacteria,Gammaproteobacteria,Thiotrichales,Piscirickettsiaceae,Thioalkalimicrobium
S002165845,Proteobacteria,Gammaproteobacteria,Thiotrichales,Piscirickettsiaceae,Thioalkalimicrobium
S002165844,Proteobacteria,Gammaproteobacteria,Thiotrichales,Piscirickettsiaceae,Thioalkalimicrobium
S003917325,Proteobacteria,Gammaproteobacteria,Thiotrichales,Piscirickettsiaceae,Thioalkalimicrobium
S002233675,Proteobacteria,Alphaproteobacteria,Rhizobiales,Xanthobacteraceae,Xanthobacter
S000438023,Proteobacteria,Alphaproteobacteria,Rhizobiales,Xanthobacteraceae,Xanthobacter
S002233677,Proteobacteria,Alphaproteobacteria,Rhizobiales,Xanthobacteraceae,Xanthobacter
S001155725,Proteobacteria,Alphaproteobacteria,Rhizobiales,Xanthobacteraceae,Xanthobacter
S002353265,Proteobacteria,Alphaproteobacteria,Rhizobiales,Xanthobacteraceae,Xanthobacter
S002915089,Proteobacteria,Alphaproteobacteria,Rhizobiales,Xanthobacteraceae,Xanthobacter
S003262769,Proteobacteria,Alphaproteobacteria,Rhizobiales,Xanthobacteraceae,Xanthobacter
S000871539,Proteobacteria,Alphaproteobacteria,Rhizobiales,Xanthobacteraceae,Xanthobacter
S002291245,Proteobacteria,Alphaproteobacteria,Rhizobiales,Xanthobacteraceae,Xanthobacter
S002445933,Proteobacteria,Alphaproteobacteria,Rhizobiales,Xanthobacteraceae,Xanthobacter
S004223993,Proteobacteria,Alphaproteobacteria,Rhodobacterales,Rhodobacteraceae,Rhodovulum
S000539911,Proteobacteria,Alphaproteobacteria,Rhodobacterales,Rhodobacteraceae,Rhodovulum
S000364551,Proteobacteria,Alphaproteobacteria,Rhodobacterales,Rhodobacteraceae,Rhodovulum
S003804654,Proteobacteria,Alphaproteobacteria,Rhodobacterales,Rhodobacteraceae,Rhodovulum
S004473624,Proteobacteria,Alphaproteobacteria,Rhodobacterales,Rhodobacteraceae,Rhodovulum
S000721418,Proteobacteria,Alphaproteobacteria,Rhodobacterales,Rhodobacteraceae,Rhodovulum
S000020210,Proteobacteria,Alphaproteobacteria,Rhodobacterales,Rhodobacteraceae,Rhodovulum
S000858525,Proteobacteria,Alphaproteobacteria,Rhodobacterales,Rhodobacteraceae,Rhodovulum
S000539252,Proteobacteria,Alphaproteobacteria,Rhodobacterales,Rhodobacteraceae,Rhodovulum
S003276959,Proteobacteria,Alphaproteobacteria,Rhodobacterales,Rhodobacteraceae,Rhodovulum
S000806429,Proteobacteria,Gammaproteobacteria,Oceanospirillales,Oceanospirillaceae,Marinomonas
S000365773,Proteobacteria,Gammaproteobacteria,Oceanospirillales,Oceanospirillaceae,Marinomonas
S003314627,Proteobacteria,Gammaproteobacteria,Oceanospirillales,Oceanospirillaceae,Marinomonas
S002442053,Proteobacteria,Gammaproteobacteria,Oceanospirillales,Oceanospirillaceae,Marinomonas
S003314575,Proteobacteria,Gammaproteobacteria,Oceanospirillales,Oceanospirillaceae,Marinomonas
S000435182,Proteobacteria,Gammaproteobacteria,Oceanospirillales,Oceanospirillaceae,Marinomonas
S003314468,Proteobacteria,Gammaproteobacteria,Oceanospirillales,Oceanospirillaceae,Marinomonas
S000893042,Proteobacteria,Gammaproteobacteria,Oceanospirillales,Oceanospirillaceae,Marinomonas
S003314451,Proteobacteria,Gammaproteobacteria,Oceanospirillales,Oceanospirillaceae,Marinomonas
S003314556,Proteobacteria,Gammaproteobacteria,Oceanospirillales,Oceanospirillaceae,Marinomonas
S000891414,Proteobacteria,Alphaproteobacteria,Rhizobiales,Bradyrhizobiaceae,Afipia
S000727837,Proteobacteria,Alphaproteobacteria,Rhizobiales,Bradyrhizobiaceae,Afipia
S000942620,Proteobacteria,Alphaproteobacteria,Rhizobiales,Bradyrhizobiaceae,Afipia
S000390739,Proteobacteria,Alphaproteobacteria,Rhizobiales,Bradyrhizobiaceae,Afipia
S000392581,Proteobacteria,Alphaproteobacteria,Rhizobiales,Bradyrhizobiaceae,Afipia
S000540597,Proteobacteria,Alphaproteobacteria,Rhizobiales,Bradyrhizobiaceae,Afipia
S004499726,Proteobacteria,Alphaproteobacteria,Rhizobiales,Bradyrhizobiaceae,Afipia
S003787972,Proteobacteria,Alphaproteobacteria,Rhizobiales,Bradyrhizobiaceae,Afipia
S003285504,Proteobacteria,Alphaproteobacteria,Rhizobiales,Bradyrhizobiaceae,Afipia
S000006492,Proteobacteria,Alphaproteobacteria,Rhizobiales,Bradyrhizobiaceae,Afipia
S004475696,Proteobacteria,Alphaproteobacteria,Rhizobiales,Bradyrhizobiaceae,Tardiphaga
S004477460,Proteobacteria,Alphaproteobacteria,Rhizobiales,Bradyrhizobiaceae,Tardiphaga
S003723699,Proteobacteria,Alphaproteobacteria,Rhizobiales,Bradyrhizobiaceae,Tardiphaga
S004531696,Proteobacteria,Alphaproteobacteria,Rhizobiales,Bradyrhizobiaceae,Tardiphaga
S004504324,Proteobacteria,Alphaproteobacteria,Rhizobiales,Bradyrhizobiaceae,Tardiphaga
S000727996,Proteobacteria,Alphaproteobacteria,Rhizobiales,Bradyrhizobiaceae,Tardiphaga
S004504322,Proteobacteria,Alphaproteobacteria,Rhizobiales,Bradyrhizobiaceae,Tardiphaga
S004531705,Proteobacteria,Alphaproteobacteria,Rhizobiales,Bradyrhizobiaceae,Tardiphaga
S004499727,Proteobacteria,Alphaproteobacteria,Rhizobiales,Bradyrhizobiaceae,Tardiphaga
S004477427,Proteobacteria,Alphaproteobacteria,Rhizobiales,Bradyrhizobiaceae,Tardiphaga
S002910944,Proteobacteria,Alphaproteobacteria,Rhodobacterales,Rhodobacteraceae,Nautella
S002957739,Proteobacteria,Alphaproteobacteria,Rhodobacterales,Rhodobacteraceae,Nautella
S000965021,Proteobacteria,Alphaproteobacteria,Rhodobacterales,Rhodobacteraceae,Nautella
S002411369,Proteobacteria,Alphaproteobacteria,Rhodobacterales,Rhodobacteraceae,Nautella
S002155978,Proteobacteria,Alphaproteobacteria,Rhodobacterales,Rhodobacteraceae,Nautella
S004219434,Proteobacteria,Alphaproteobacteria,Rhodobacterales,Rhodobacteraceae,Nautella
S000439733,Proteobacteria,Alphaproteobacteria,Rhodobacterales,Rhodobacteraceae,Nautella
S002411411,Proteobacteria,Alphaproteobacteria,Rhodobacterales,Rhodobacteraceae,Nautella
S001093899,Proteobacteria,Alphaproteobacteria,Rhodobacterales,Rhodobacteraceae,Nautella
S001094137,Proteobacteria,Alphaproteobacteria,Rhodobacterales,Rhodobacteraceae,Nautella
S003719090,Proteobacteria,Gammaproteobacteria,Alteromonadales,Alteromonadaceae,Marinobacter
S003714807,Proteobacteria,Gammaproteobacteria,Alteromonadales,Alteromonadaceae,Marinobacter
S002961652,Proteobacteria,Gammaproteobacteria,Alteromonadales,Alteromonadaceae,Marinobacter
S003314316,Proteobacteria,Gammaproteobacteria,Alteromonadales,Alteromonadaceae,Marinobacter
S003712242,Proteobacteria,Gammaproteobacteria,Alteromonadales,Alteromonadaceae,Marinobacter
S004233836,Proteobacteria,Gammaproteobacteria,Alteromonadales,Alteromonadaceae,Marinobacter
S003314267,Proteobacteria,Gammaproteobacteria,Alteromonadales,Alteromonadaceae,Marinobacter
S004538028,Proteobacteria,Gammaproteobacteria,Alteromonadales,Alteromonadaceae,Marinobacter
S002232499,Proteobacteria,Gammaproteobacteria,Alteromonadales,Alteromonadaceae,Marinobacter
S004219919,Proteobacteria,Gammaproteobacteria,Alteromonadales,Alteromonadaceae,Marinobacter
S003618738,Proteobacteria,Alphaproteobacteria,Rhodobacterales,Rhodobacteraceae,Celeribacter
S000004342,Proteobacteria,Alphaproteobacteria,Rhodobacterales,Rhodobacteraceae,Celeribacter
S001242114,Proteobacteria,Alphaproteobacteria,Rhodobacterales,Rhodobacteraceae,Celeribacter
S000965851,Proteobacteria,Alphaproteobacteria,Rhodobacterales,Rhodobacteraceae,Celeribacter
S002035446,Proteobacteria,Alphaproteobacteria,Rhodobacterales,Rhodobacteraceae,Celeribacter
S001098199,Proteobacteria,Alphaproteobacteria,Rhodobacterales,Rhodobacteraceae,Celeribacter
S001095566,Proteobacteria,Alphaproteobacteria,Rhodobacterales,Rhodobacteraceae,Celeribacter
S004442971,Proteobacteria,Alphaproteobacteria,Rhodobacterales,Rhodobacteraceae,Celeribacter
S000428853,Proteobacteria,Alphaproteobacteria,Rhodobacterales,Rhodobacteraceae,Celeribacter
S001094220,Proteobacteria,Alphaproteobacteria,Rhodobacterales,Rhodobacteraceae,Celeribacter
S003755389,Proteobacteria,Alphaproteobacteria,Rhodobacterales,Rhodobacteraceae,Ruegeria
S004064389,Proteobacteria,Alphaproteobacteria,Rhodobacterales,Rhodobacteraceae,Ruegeria
S003755509,Proteobacteria,Alphaproteobacteria,Rhodobacterales,Rhodobacteraceae,Ruegeria
S000967318,Proteobacteria,Alphaproteobacteria,Rhodobacterales,Rhodobacteraceae,Ruegeria
S004501415,Proteobacteria,Alphaproteobacteria,Rhodobacterales,Rhodobacteraceae,Ruegeria
S004219439,Proteobacteria,Alphaproteobacteria,Rhodobacterales,Rhodobacteraceae,Ruegeria
S003755497,Proteobacteria,Alphaproteobacteria,Rhodobacterales,Rhodobacteraceae,Ruegeria
S002033390,Proteobacteria,Alphaproteobacteria,Rhodobacterales,Rhodobacteraceae,Ruegeria
S000531029,Proteobacteria,Alphaproteobacteria,Rhodobacterales,Rhodobacteraceae,Ruegeria
S002444484,Proteobacteria,Alphaproteobacteria,Rhodobacterales,Rhodobacteraceae,Ruegeria
S004458051,Proteobacteria,Gammaproteobacteria,Salinisphaerales,Salinisphaeraceae,Salinisphaera
S000376198,Proteobacteria,Gammaproteobacteria,Salinisphaerales,Salinisphaeraceae,Salinisphaera
S001548989,Proteobacteria,Gammaproteobacteria,Salinisphaerales,Salinisphaeraceae,Salinisphaera
S003278308,Proteobacteria,Gammaproteobacteria,Salinisphaerales,Salinisphaeraceae,Salinisphaera
S002034330,Proteobacteria,Gammaproteobacteria,Salinisphaerales,Salinisphaeraceae,Salinisphaera
S001548987,Proteobacteria,Gammaproteobacteria,Salinisphaerales,Salinisphaeraceae,Salinisphaera
S004506296,Proteobacteria,Gammaproteobacteria,Salinisphaerales,Salinisphaeraceae,Salinisphaera
S002910953,Proteobacteria,Gammaproteobacteria,Salinisphaerales,Salinisphaeraceae,Salinisphaera
S004484376,Proteobacteria,Gammaproteobacteria,Salinisphaerales,Salinisphaeraceae,Salinisphaera
S002225674,Proteobacteria,Gammaproteobacteria,Salinisphaerales,Salinisphaeraceae,Salinisphaera
S000427885,Proteobacteria,Gammaproteobacteria,Pasteurellales,Pasteurellaceae,Actinobacillus
S000701504,Proteobacteria,Gammaproteobacteria,Pasteurellales,Pasteurellaceae,Actinobacillus
S000390389,Proteobacteria,Gammaproteobacteria,Pasteurellales,Pasteurellaceae,Actinobacillus
S000653920,Proteobacteria,Gammaproteobacteria,Pasteurellales,Pasteurellaceae,Actinobacillus
S000701486,Proteobacteria,Gammaproteobacteria,Pasteurellales,Pasteurellaceae,Actinobacillus
S000736444,Proteobacteria,Gammaproteobacteria,Pasteurellales,Pasteurellaceae,Actinobacillus
S000390044,Proteobacteria,Gammaproteobacteria,Pasteurellales,Pasteurellaceae,Actinobacillus
S000368482,Proteobacteria,Gammaproteobacteria,Pasteurellales,Pasteurellaceae,Actinobacillus
S003711258,Proteobacteria,Gammaproteobacteria,Pasteurellales,Pasteurellaceae,Actinobacillus
S000390388,Proteobacteria,Gammaproteobacteria,Pasteurellales,Pasteurellaceae,Actinobacillus
S002962905,Proteobacteria,Gammaproteobacteria,Xanthomonadales,Xanthomonadaceae,Pseudoxanthomonas
S004081164,Proteobacteria,Gammaproteobacteria,Xanthomonadales,Xanthomonadaceae,Pseudoxanthomonas
S003303145,Proteobacteria,Gammaproteobacteria,Xanthomonadales,Xanthomonadaceae,Pseudoxanthomonas
S004453743,Proteobacteria,Gammaproteobacteria,Xanthomonadales,Xanthomonadaceae,Pseudoxanthomonas
S002917772,Proteobacteria,Gammaproteobacteria,Xanthomonadales,Xanthomonadaceae,Pseudoxanthomonas
S004050434,Proteobacteria,Gammaproteobacteria,Xanthomonadales,Xanthomonadaceae,Pseudoxanthomonas
S002449634,Proteobacteria,Gammaproteobacteria,Xanthomonadales,Xanthomonadaceae,Pseudoxanthomonas
S003284291,Proteobacteria,Gammaproteobacteria,Xanthomonadales,Xanthomonadaceae,Pseudoxanthomonas
S000986278,Proteobacteria,Gammaproteobacteria,Xanthomonadales,Xanthomonadaceae,Pseudoxanthomonas
S002951164,Proteobacteria,Gammaproteobacteria,Xanthomonadales,Xanthomonadaceae,Pseudoxanthomonas
S003289193,Proteobacteria,Gammaproteobacteria,Alteromonadales,Idiomarinaceae,Aliidiomarina
S004508992,Proteobacteria,Gammaproteobacteria,Alteromonadales,Idiomarinaceae,Aliidiomarina
S004508993,Proteobacteria,Gammaproteobacteria,Alteromonadales,Idiomarinaceae,Aliidiomarina
S000966487,Proteobacteria,Gammaproteobacteria,Alteromonadales,Idiomarinaceae,Aliidiomarina
S000860369,Proteobacteria,Gammaproteobacteria,Alteromonadales,Idiomarinaceae,Aliidiomarina
S000860321,Proteobacteria,Gammaproteobacteria,Alteromonadales,Idiomarinaceae,Aliidiomarina
S004508990,Proteobacteria,Gammaproteobacteria,Alteromonadales,Idiomarinaceae,Aliidiomarina
S001551396,Proteobacteria,Gammaproteobacteria,Alteromonadales,Idiomarinaceae,Aliidiomarina
S000860352,Proteobacteria,Gammaproteobacteria,Alteromonadales,Idiomarinaceae,Aliidiomarina
S004215856,Proteobacteria,Gammaproteobacteria,Alteromonadales,Idiomarinaceae,Aliidiomarina
S003942291,Proteobacteria,Gammaproteobacteria,Oceanospirillales,Halomonadaceae,Chromohalobacter
S002230697,Proteobacteria,Gammaproteobacteria,Oceanospirillales,Halomonadaceae,Chromohalobacter
S004263822,Proteobacteria,Gammaproteobacteria,Oceanospirillales,Halomonadaceae,Chromohalobacter
S002230709,Proteobacteria,Gammaproteobacteria,Oceanospirillales,Halomonadaceae,Chromohalobacter
S003287838,Proteobacteria,Gammaproteobacteria,Oceanospirillales,Halomonadaceae,Chromohalobacter
S004458037,Proteobacteria,Gammaproteobacteria,Oceanospirillales,Halomonadaceae,Chromohalobacter
S002230687,Proteobacteria,Gammaproteobacteria,Oceanospirillales,Halomonadaceae,Chromohalobacter
S002353748,Proteobacteria,Gammaproteobacteria,Oceanospirillales,Halomonadaceae,Chromohalobacter
S000607435,Proteobacteria,Gammaproteobacteria,Oceanospirillales,Halomonadaceae,Chromohalobacter
S000376274,Proteobacteria,Gammaproteobacteria,Oceanospirillales,Halomonadaceae,Chromohalobacter
S004459137,Proteobacteria,Gammaproteobacteria,Oceanospirillales,Halomonadaceae,Zymobacter
S000441030,Proteobacteria,Gammaproteobacteria,Oceanospirillales,Halomonadaceae,Zymobacter
S000441042,Proteobacteria,Gammaproteobacteria,Oceanospirillales,Halomonadaceae,Zymobacter
S000441004,Proteobacteria,Gammaproteobacteria,Oceanospirillales,Halomonadaceae,Zymobacter
S000393203,Proteobacteria,Gammaproteobacteria,Oceanospirillales,Halomonadaceae,Zymobacter
S000008447,Proteobacteria,Gammaproteobacteria,Oceanospirillales,Halomonadaceae,Zymobacter
S000979516,Proteobacteria,Gammaproteobacteria,Oceanospirillales,Halomonadaceae,Zymobacter
S004065102,Proteobacteria,Gammaproteobacteria,Oceanospirillales,Halomonadaceae,Zymobacter
S004079771,Proteobacteria,Gammaproteobacteria,Oceanospirillales,Halomonadaceae,Zymobacter
S000441018,Proteobacteria,Gammaproteobacteria,Oceanospirillales,Halomonadaceae,Zymobacter
S002409468,Proteobacteria,Alphaproteobacteria,Rhizobiales,Phyllobacteriaceae,Mesorhizobium
S002444339,Proteobacteria,Alphaproteobacteria,Rhizobiales,Phyllobacteriaceae,Mesorhizobium
S003280047,Proteobacteria,Alphaproteobacteria,Rhizobiales,Phyllobacteriaceae,Mesorhizobium
S000996034,Proteobacteria,Alphaproteobacteria,Rhizobiales,Phyllobacteriaceae,Mesorhizobium
S001589054,Proteobacteria,Alphaproteobacteria,Rhizobiales,Phyllobacteriaceae,Mesorhizobium
S003714044,Proteobacteria,Alphaproteobacteria,Rhizobiales,Phyllobacteriaceae,Mesorhizobium
S002955116,Proteobacteria,Alphaproteobacteria,Rhizobiales,Phyllobacteriaceae,Mesorhizobium
S004532604,Proteobacteria,Alphaproteobacteria,Rhizobiales,Phyllobacteriaceae,Mesorhizobium
S001099390,Proteobacteria,Alphaproteobacteria,Rhizobiales,Phyllobacteriaceae,Mesorhizobium
S002151261,Proteobacteria,Alphaproteobacteria,Rhizobiales,Phyllobacteriaceae,Mesorhizobium
S001189273,Proteobacteria,Alphaproteobacteria,Caulobacterales,Hyphomonadaceae,Henriciella
S004219460,Proteobacteria,Alphaproteobacteria,Caulobacterales,Hyphomonadaceae,Henriciella
S000893306,Proteobacteria,Alphaproteobacteria,Caulobacterales,Hyphomonadaceae,Henriciella
S001168652,Proteobacteria,Alphaproteobacteria,Caulobacterales,Hyphomonadaceae,Henriciella
S001153964,Proteobacteria,Alphaproteobacteria,Caulobacterales,Hyphomonadaceae,Henriciella
S001094316,Proteobacteria,Alphaproteobacteria,Caulobacterales,Hyphomonadaceae,Henriciella
S004081258,Proteobacteria,Alphaproteobacteria,Caulobacterales,Hyphomonadaceae,Henriciella
S001094299,Proteobacteria,Alphaproteobacteria,Caulobacterales,Hyphomonadaceae,Henriciella
S000870682,Proteobacteria,Alphaproteobacteria,Caulobacterales,Hyphomonadaceae,Henriciella
S000776192,Proteobacteria,Alphaproteobacteria,Caulobacterales,Hyphomonadaceae,Henriciella
S000357070,Proteobacteria,Alphaproteobacteria,Rhodobacterales,Rhodobacteraceae,Marivita
S002410971,Proteobacteria,Alphaproteobacteria,Rhodobacterales,Rhodobacteraceae,Marivita
S001094226,Proteobacteria,Alphaproteobacteria,Rhodobacterales,Rhodobacteraceae,Marivita
S002410970,Proteobacteria,Alphaproteobacteria,Rhodobacterales,Rhodobacteraceae,Marivita
S002446167,Proteobacteria,Alphaproteobacteria,Rhodobacterales,Rhodobacteraceae,Marivita
S000127970,Proteobacteria,Alphaproteobacteria,Rhodobacterales,Rhodobacteraceae,Marivita
S002963707,Proteobacteria,Alphaproteobacteria,Rhodobacterales,Rhodobacteraceae,Marivita
S001874611,Proteobacteria,Alphaproteobacteria,Rhodobacterales,Rhodobacteraceae,Marivita
S004255491,Proteobacteria,Alphaproteobacteria,Rhodobacterales,Rhodobacteraceae,Marivita
S000858788,Proteobacteria,Alphaproteobacteria,Rhodobacterales,Rhodobacteraceae,Marivita
S000556588,Proteobacteria,Gammaproteobacteria,Oceanospirillales,Oceanospirillales_incertae_sedis,Salicola
S003754062,Proteobacteria,Gammaproteobacteria,Oceanospirillales,Oceanospirillales_incertae_sedis,Salicola
S001575553,Proteobacteria,Gammaproteobacteria,Oceanospirillales,Oceanospirillales_incertae_sedis,Salicola
S004532513,Proteobacteria,Gammaproteobacteria,Oceanospirillales,Oceanospirillales_incertae_sedis,Salicola
S004054646,Proteobacteria,Gammaproteobacteria,Oceanospirillales,Oceanospirillales_incertae_sedis,Salicola
S003927949,Proteobacteria,Gammaproteobacteria,Oceanospirillales,Oceanospirillales_incertae_sedis,Salicola
S004054639,Proteobacteria,Gammaproteobacteria,Oceanospirillales,Oceanospirillales_incertae_sedis,Salicola
S002955247,Proteobacteria,Gammaproteobacteria,Oceanospirillales,Oceanospirillales_incertae_sedis,Salicola
S004054641,Proteobacteria,Gammaproteobacteria,Oceanospirillales,Oceanospirillales_incertae_sedis,Salicola
S004054655,Proteobacteria,Gammaproteobacteria,Oceanospirillales,Oceanospirillales_incertae_sedis,Salicola
S004087413,Proteobacteria,Alphaproteobacteria,Rhodobacterales,Rhodobacteraceae,Leisingera
S003612237,Proteobacteria,Alphaproteobacteria,Rhodobacterales,Rhodobacteraceae,Leisingera
S004087446,Proteobacteria,Alphaproteobacteria,Rhodobacterales,Rhodobacteraceae,Leisingera
S004087438,Proteobacteria,Alphaproteobacteria,Rhodobacterales,Rhodobacteraceae,Leisingera
S004087444,Proteobacteria,Alphaproteobacteria,Rhodobacterales,Rhodobacteraceae,Leisingera
S004087415,Proteobacteria,Alphaproteobacteria,Rhodobacterales,Rhodobacteraceae,Leisingera
S003746731,Proteobacteria,Alphaproteobacteria,Rhodobacterales,Rhodobacteraceae,Leisingera
S004087445,Proteobacteria,Alphaproteobacteria,Rhodobacterales,Rhodobacteraceae,Leisingera
S004087419,Proteobacteria,Alphaproteobacteria,Rhodobacterales,Rhodobacteraceae,Leisingera
S003746733,Proteobacteria,Alphaproteobacteria,Rhodobacterales,Rhodobacteraceae,Leisingera
S000388012,Proteobacteria,Gammaproteobacteria,Oceanospirillales,Oceanospirillaceae,Nitrincola
S000860341,Proteobacteria,Gammaproteobacteria,Oceanospirillales,Oceanospirillaceae,Nitrincola
S003615611,Proteobacteria,Gammaproteobacteria,Oceanospirillales,Oceanospirillaceae,Nitrincola
S001352293,Proteobacteria,Gammaproteobacteria,Oceanospirillales,Oceanospirillaceae,Nitrincola
S000393190,Proteobacteria,Gammaproteobacteria,Oceanospirillales,Oceanospirillaceae,Nitrincola
S000860360,Proteobacteria,Gammaproteobacteria,Oceanospirillales,Oceanospirillaceae,Nitrincola
S002419265,Proteobacteria,Gammaproteobacteria,Oceanospirillales,Oceanospirillaceae,Nitrincola
S000860348,Proteobacteria,Gammaproteobacteria,Oceanospirillales,Oceanospirillaceae,Nitrincola
S001549902,Proteobacteria,Gammaproteobacteria,Oceanospirillales,Oceanospirillaceae,Nitrincola
S004226629,Proteobacteria,Gammaproteobacteria,Oceanospirillales,Oceanospirillaceae,Nitrincola
S004064706,Proteobacteria,Betaproteobacteria,Neisseriales,Neisseriaceae,Pseudogulbenkiania
S003709983,Proteobacteria,Betaproteobacteria,Neisseriales,Neisseriaceae,Pseudogulbenkiania
S002952809,Proteobacteria,Betaproteobacteria,Neisseriales,Neisseriaceae,Pseudogulbenkiania
S004064711,Proteobacteria,Betaproteobacteria,Neisseriales,Neisseriaceae,Pseudogulbenkiania
S003751293,Proteobacteria,Betaproteobacteria,Neisseriales,Neisseriaceae,Pseudogulbenkiania
S004064709,Proteobacteria,Betaproteobacteria,Neisseriales,Neisseriaceae,Pseudogulbenkiania
S003265030,Proteobacteria,Betaproteobacteria,Neisseriales,Neisseriaceae,Pseudogulbenkiania
S003709984,Proteobacteria,Betaproteobacteria,Neisseriales,Neisseriaceae,Pseudogulbenkiania
S003265031,Proteobacteria,Betaproteobacteria,Neisseriales,Neisseriaceae,Pseudogulbenkiania
S000594600,Proteobacteria,Betaproteobacteria,Neisseriales,Neisseriaceae,Pseudogulbenkiania
S002408873,Proteobacteria,Gammaproteobacteria,Aeromonadales,Aeromonadaceae,Oceanisphaera
S003714990,Proteobacteria,Gammaproteobacteria,Aeromonadales,Aeromonadaceae,Oceanisphaera
S004481438,Proteobacteria,Gammaproteobacteria,Aeromonadales,Aeromonadaceae,Oceanisphaera
S003714980,Proteobacteria,Gammaproteobacteria,Aeromonadales,Aeromonadaceae,Oceanisphaera
S002223908,Proteobacteria,Gammaproteobacteria,Aeromonadales,Aeromonadaceae,Oceanisphaera
S003714988,Proteobacteria,Gammaproteobacteria,Aeromonadales,Aeromonadaceae,Oceanisphaera
S003714985,Proteobacteria,Gammaproteobacteria,Aeromonadales,Aeromonadaceae,Oceanisphaera
S004056166,Proteobacteria,Gammaproteobacteria,Aeromonadales,Aeromonadaceae,Oceanisphaera
S003714975,Proteobacteria,Gammaproteobacteria,Aeromonadales,Aeromonadaceae,Oceanisphaera
S003714992,Proteobacteria,Gammaproteobacteria,Aeromonadales,Aeromonadaceae,Oceanisphaera
S001154737,Proteobacteria,Alphaproteobacteria,Rhodobacterales,Rhodobacteraceae,Pannonibacter
S000123645,Proteobacteria,Alphaproteobacteria,Rhodobacterales,Rhodobacteraceae,Pannonibacter
S001417491,Proteobacteria,Alphaproteobacteria,Rhodobacterales,Rhodobacteraceae,Pannonibacter
S003752481,Proteobacteria,Alphaproteobacteria,Rhodobacterales,Rhodobacteraceae,Pannonibacter
S001244039,Proteobacteria,Alphaproteobacteria,Rhodobacterales,Rhodobacteraceae,Pannonibacter
S002221796,Proteobacteria,Alphaproteobacteria,Rhodobacterales,Rhodobacteraceae,Pannonibacter
S001244042,Proteobacteria,Alphaproteobacteria,Rhodobacterales,Rhodobacteraceae,Pannonibacter
S004499010,Proteobacteria,Alphaproteobacteria,Rhodobacterales,Rhodobacteraceae,Pannonibacter
S002408306,Proteobacteria,Alphaproteobacteria,Rhodobacterales,Rhodobacteraceae,Pannonibacter
S003752482,Proteobacteria,Alphaproteobacteria,Rhodobacterales,Rhodobacteraceae,Pannonibacter
S000978839,Proteobacteria,Gammaproteobacteria,Pseudomonadales,Pseudomonadaceae,Cellvibrio
S000926424,Proteobacteria,Gammaproteobacteria,Pseudomonadales,Pseudomonadaceae,Cellvibrio
S000926422,Proteobacteria,Gammaproteobacteria,Pseudomonadales,Pseudomonadaceae,Cellvibrio
S000134746,Proteobacteria,Gammaproteobacteria,Pseudomonadales,Pseudomonadaceae,Cellvibrio
S004491994,Proteobacteria,Gammaproteobacteria,Pseudomonadales,Pseudomonadaceae,Cellvibrio
S003315447,Proteobacteria,Gammaproteobacteria,Pseudomonadales,Pseudomonadaceae,Cellvibrio
S000394291,Proteobacteria,Gammaproteobacteria,Pseudomonadales,Pseudomonadaceae,Cellvibrio
S000012076,Proteobacteria,Gammaproteobacteria,Pseudomonadales,Pseudomonadaceae,Cellvibrio
S002288488,Proteobacteria,Gammaproteobacteria,Pseudomonadales,Pseudomonadaceae,Cellvibrio
S000440535,Proteobacteria,Gammaproteobacteria,Pseudomonadales,Pseudomonadaceae,Cellvibrio
S002156710,Proteobacteria,Alphaproteobacteria,Rhodobacterales,Rhodobacteraceae,Pseudophaeobacter
S001242117,Proteobacteria,Alphaproteobacteria,Rhodobacterales,Rhodobacteraceae,Pseudophaeobacter
S001198714,Proteobacteria,Alphaproteobacteria,Rhodobacterales,Rhodobacteraceae,Pseudophaeobacter
S000594386,Proteobacteria,Alphaproteobacteria,Rhodobacterales,Rhodobacteraceae,Pseudophaeobacter
S000691639,Proteobacteria,Alphaproteobacteria,Rhodobacterales,Rhodobacteraceae,Pseudophaeobacter
S000966781,Proteobacteria,Alphaproteobacteria,Rhodobacterales,Rhodobacteraceae,Pseudophaeobacter
S004258648,Proteobacteria,Alphaproteobacteria,Rhodobacterales,Rhodobacteraceae,Pseudophaeobacter
S003258803,Proteobacteria,Alphaproteobacteria,Rhodobacterales,Rhodobacteraceae,Pseudophaeobacter
S001242118,Proteobacteria,Alphaproteobacteria,Rhodobacterales,Rhodobacteraceae,Pseudophaeobacter
S004497077,Proteobacteria,Alphaproteobacteria,Rhodobacterales,Rhodobacteraceae,Pseudophaeobacter
S003264308,Proteobacteria,Gammaproteobacteria,Xanthomonadales,Sinobacteraceae,Nevskia
S003313116,Proteobacteria,Gammaproteobacteria,Xanthomonadales,Sinobacteraceae,Nevskia
S003721542,Proteobacteria,Gammaproteobacteria,Xanthomonadales,Sinobacteraceae,Nevskia
S001014113,Proteobacteria,Gammaproteobacteria,Xanthomonadales,Sinobacteraceae,Nevskia
S003313114,Proteobacteria,Gammaproteobacteria,Xanthomonadales,Sinobacteraceae,Nevskia
S001014108,Proteobacteria,Gammaproteobacteria,Xanthomonadales,Sinobacteraceae,Nevskia
S000015378,Proteobacteria,Gammaproteobacteria,Xanthomonadales,Sinobacteraceae,Nevskia
S001612658,Proteobacteria,Gammaproteobacteria,Xanthomonadales,Sinobacteraceae,Nevskia
S001014109,Proteobacteria,Gammaproteobacteria,Xanthomonadales,Sinobacteraceae,Nevskia
S001014111,Proteobacteria,Gammaproteobacteria,Xanthomonadales,Sinobacteraceae,Nevskia
S003751765,Proteobacteria,Alphaproteobacteria,Rhodospirillales,Rhodospirillaceae,Pelagibius
S003714628,Proteobacteria,Alphaproteobacteria,Rhodospirillales,Rhodospirillaceae,Pelagibius
S004495798,Proteobacteria,Alphaproteobacteria,Rhodospirillales,Rhodospirillaceae,Pelagibius
S001169806,Proteobacteria,Alphaproteobacteria,Rhodospirillales,Rhodospirillaceae,Pelagibius
S003611315,Proteobacteria,Alphaproteobacteria,Rhodospirillales,Rhodospirillaceae,Pelagibius
S004489192,Proteobacteria,Alphaproteobacteria,Rhodospirillales,Rhodospirillaceae,Pelagibius
S000600395,Proteobacteria,Alphaproteobacteria,Rhodospirillales,Rhodospirillaceae,Pelagibius
S003808862,Proteobacteria,Alphaproteobacteria,Rhodospirillales,Rhodospirillaceae,Pelagibius
S004495799,Proteobacteria,Alphaproteobacteria,Rhodospirillales,Rhodospirillaceae,Pelagibius
S004495800,Proteobacteria,Alphaproteobacteria,Rhodospirillales,Rhodospirillaceae,Pelagibius
S001240385,Proteobacteria,Gammaproteobacteria,Pasteurellales,Pasteurellaceae,Chelonobacter
S001573284,Proteobacteria,Gammaproteobacteria,Pasteurellales,Pasteurellaceae,Chelonobacter
S000414297,Proteobacteria,Gammaproteobacteria,Pasteurellales,Pasteurellaceae,Chelonobacter
S001240384,Proteobacteria,Gammaproteobacteria,Pasteurellales,Pasteurellaceae,Chelonobacter
S004503827,Proteobacteria,Gammaproteobacteria,Pasteurellales,Pasteurellaceae,Chelonobacter
S002224617,Proteobacteria,Gammaproteobacteria,Pasteurellales,Pasteurellaceae,Chelonobacter
S000435473,Proteobacteria,Gammaproteobacteria,Pasteurellales,Pasteurellaceae,Chelonobacter
S000435477,Proteobacteria,Gammaproteobacteria,Pasteurellales,Pasteurellaceae,Chelonobacter
S001272308,Proteobacteria,Gammaproteobacteria,Pasteurellales,Pasteurellaceae,Chelonobacter
S001240383,Proteobacteria,Gammaproteobacteria,Pasteurellales,Pasteurellaceae,Chelonobacter
S002915381,Proteobacteria,Alphaproteobacteria,Sphingomonadales,Sphingomonadaceae,Sphingorhabdus
S000442053,Proteobacteria,Alphaproteobacteria,Sphingomonadales,Sphingomonadaceae,Sphingorhabdus
S000722107,Proteobacteria,Alphaproteobacteria,Sphingomonadales,Sphingomonadaceae,Sphingorhabdus
S003748649,Proteobacteria,Alphaproteobacteria,Sphingomonadales,Sphingomonadaceae,Sphingorhabdus
S001874554,Proteobacteria,Alphaproteobacteria,Sphingomonadales,Sphingomonadaceae,Sphingorhabdus
S003284985,Proteobacteria,Alphaproteobacteria,Sphingomonadales,Sphingomonadaceae,Sphingorhabdus
S004078823,Proteobacteria,Alphaproteobacteria,Sphingomonadales,Sphingomonadaceae,Sphingorhabdus
S001417745,Proteobacteria,Alphaproteobacteria,Sphingomonadales,Sphingomonadaceae,Sphingorhabdus
S003304261,Proteobacteria,Alphaproteobacteria,Sphingomonadales,Sphingomonadaceae,Sphingorhabdus
S003610767,Proteobacteria,Alphaproteobacteria,Sphingomonadales,Sphingomonadaceae,Sphingorhabdus
S000000822,Proteobacteria,Alphaproteobacteria,Rhizobiales,Hyphomicrobiaceae,Pedomicrobium
S004044871,Proteobacteria,Alphaproteobacteria,Rhizobiales,Hyphomicrobiaceae,Pedomicrobium
S000925539,Proteobacteria,Alphaproteobacteria,Rhizobiales,Hyphomicrobiaceae,Pedomicrobium
S000006642,Proteobacteria,Alphaproteobacteria,Rhizobiales,Hyphomicrobiaceae,Pedomicrobium
S001873789,Proteobacteria,Alphaproteobacteria,Rhizobiales,Hyphomicrobiaceae,Pedomicrobium
S000009285,Proteobacteria,Alphaproteobacteria,Rhizobiales,Hyphomicrobiaceae,Pedomicrobium
S001873788,Proteobacteria,Alphaproteobacteria,Rhizobiales,Hyphomicrobiaceae,Pedomicrobium
S002167710,Proteobacteria,Alphaproteobacteria,Rhizobiales,Hyphomicrobiaceae,Pedomicrobium
S000003549,Proteobacteria,Alphaproteobacteria,Rhizobiales,Hyphomicrobiaceae,Pedomicrobium
S000000254,Proteobacteria,Alphaproteobacteria,Rhizobiales,Hyphomicrobiaceae,Pedomicrobium
S001744419,Proteobacteria,Alphaproteobacteria,Sphingomonadales,Sphingomonadaceae,Sphingomonas
S002915749,Proteobacteria,Alphaproteobacteria,Sphingomonadales,Sphingomonadaceae,Sphingomonas
S002447691,Proteobacteria,Alphaproteobacteria,Sphingomonadales,Sphingomonadaceae,Sphingomonas
S004530409,Proteobacteria,Alphaproteobacteria,Sphingomonadales,Sphingomonadaceae,Sphingomonas
S001243247,Proteobacteria,Alphaproteobacteria,Sphingomonadales,Sphingomonadaceae,Sphingomonas
S000612624,Proteobacteria,Alphaproteobacteria,Sphingomonadales,Sphingomonadaceae,Sphingomonas
S002410292,Proteobacteria,Alphaproteobacteria,Sphingomonadales,Sphingomonadaceae,Sphingomonas
S000482857,Proteobacteria,Alphaproteobacteria,Sphingomonadales,Sphingomonadaceae,Sphingomonas
S003748208,Proteobacteria,Alphaproteobacteria,Sphingomonadales,Sphingomonadaceae,Sphingomonas
S003283970,Proteobacteria,Alphaproteobacteria,Sphingomonadales,Sphingomonadaceae,Sphingomonas
S000404495,Proteobacteria,Gammaproteobacteria,Vibrionales,Vibrionaceae,Lucibacterium
S003285237,Proteobacteria,Gammaproteobacteria,Vibrionales,Vibrionaceae,Lucibacterium
S004216855,Proteobacteria,Gammaproteobacteria,Vibrionales,Vibrionaceae,Lucibacterium
S004216844,Proteobacteria,Gammaproteobacteria,Vibrionales,Vibrionaceae,Lucibacterium
S003285252,Proteobacteria,Gammaproteobacteria,Vibrionales,Vibrionaceae,Lucibacterium
S001416020,Proteobacteria,Gammaproteobacteria,Vibrionales,Vibrionaceae,Lucibacterium
S003259044,Proteobacteria,Gammaproteobacteria,Vibrionales,Vibrionaceae,Lucibacterium
S003259051,Proteobacteria,Gammaproteobacteria,Vibrionales,Vibrionaceae,Lucibacterium
S004455289,Proteobacteria,Gammaproteobacteria,Vibrionales,Vibrionaceae,Lucibacterium
S000871249,Proteobacteria,Gammaproteobacteria,Vibrionales,Vibrionaceae,Lucibacterium
S004530620,Proteobacteria,Gammaproteobacteria,Xanthomonadales,Xanthomonadaceae,Luteibacter
S004234257,Proteobacteria,Gammaproteobacteria,Xanthomonadales,Xanthomonadaceae,Luteibacter
S001189497,Proteobacteria,Gammaproteobacteria,Xanthomonadales,Xanthomonadaceae,Luteibacter
S003942198,Proteobacteria,Gammaproteobacteria,Xanthomonadales,Xanthomonadaceae,Luteibacter
S001264367,Proteobacteria,Gammaproteobacteria,Xanthomonadales,Xanthomonadaceae,Luteibacter
S002442759,Proteobacteria,Gammaproteobacteria,Xanthomonadales,Xanthomonadaceae,Luteibacter
S004451386,Proteobacteria,Gammaproteobacteria,Xanthomonadales,Xanthomonadaceae,Luteibacter
S004450633,Proteobacteria,Gammaproteobacteria,Xanthomonadales,Xanthomonadaceae,Luteibacter
S001875572,Proteobacteria,Gammaproteobacteria,Xanthomonadales,Xanthomonadaceae,Luteibacter
S002418393,Proteobacteria,Gammaproteobacteria,Xanthomonadales,Xanthomonadaceae,Luteibacter
S000434574,Proteobacteria,Gammaproteobacteria,Alteromonadales,Pseudoalteromonadaceae,Psychrosphaera
S002235815,Proteobacteria,Gammaproteobacteria,Alteromonadales,Pseudoalteromonadaceae,Psychrosphaera
S001171624,Proteobacteria,Gammaproteobacteria,Alteromonadales,Pseudoalteromonadaceae,Psychrosphaera
S002235814,Proteobacteria,Gammaproteobacteria,Alteromonadales,Pseudoalteromonadaceae,Psychrosphaera
S003746155,Proteobacteria,Gammaproteobacteria,Alteromonadales,Pseudoalteromonadaceae,Psychrosphaera
S000365768,Proteobacteria,Gammaproteobacteria,Alteromonadales,Pseudoalteromonadaceae,Psychrosphaera
S000366095,Proteobacteria,Gammaproteobacteria,Alteromonadales,Pseudoalteromonadaceae,Psychrosphaera
S000610466,Proteobacteria,Gammaproteobacteria,Alteromonadales,Pseudoalteromonadaceae,Psychrosphaera
S004477534,Proteobacteria,Gammaproteobacteria,Alteromonadales,Pseudoalteromonadaceae,Psychrosphaera
S004213504,Proteobacteria,Gammaproteobacteria,Alteromonadales,Pseudoalteromonadaceae,Psychrosphaera
S002967089,Proteobacteria,Alphaproteobacteria,Rhizobiales,Xanthobacteraceae,Azorhizobium
S003784878,Proteobacteria,Alphaproteobacteria,Rhizobiales,Xanthobacteraceae,Azorhizobium
S000413446,Proteobacteria,Alphaproteobacteria,Rhizobiales,Xanthobacteraceae,Azorhizobium
S003659597,Proteobacteria,Alphaproteobacteria,Rhizobiales,Xanthobacteraceae,Azorhizobium
S000406315,Proteobacteria,Alphaproteobacteria,Rhizobiales,Xanthobacteraceae,Azorhizobium
S004067679,Proteobacteria,Alphaproteobacteria,Rhizobiales,Xanthobacteraceae,Azorhizobium
S003710593,Proteobacteria,Alphaproteobacteria,Rhizobiales,Xanthobacteraceae,Azorhizobium
S000372437,Proteobacteria,Alphaproteobacteria,Rhizobiales,Xanthobacteraceae,Azorhizobium
S000482528,Proteobacteria,Alphaproteobacteria,Rhizobiales,Xanthobacteraceae,Azorhizobium
S000392906,Proteobacteria,Alphaproteobacteria,Rhizobiales,Xanthobacteraceae,Azorhizobium
S001746349,Proteobacteria,Gammaproteobacteria,Alteromonadales,Moritellaceae,Moritella
S000691429,Proteobacteria,Gammaproteobacteria,Alteromonadales,Moritellaceae,Moritella
S000364917,Proteobacteria,Gammaproteobacteria,Alteromonadales,Moritellaceae,Moritella
S000364927,Proteobacteria,Gammaproteobacteria,Alteromonadales,Moritellaceae,Moritella
S000607155,Proteobacteria,Gammaproteobacteria,Alteromonadales,Moritellaceae,Moritella
S004482053,Proteobacteria,Gammaproteobacteria,Alteromonadales,Moritellaceae,Moritella
S000364918,Proteobacteria,Gammaproteobacteria,Alteromonadales,Moritellaceae,Moritella
S000691426,Proteobacteria,Gammaproteobacteria,Alteromonadales,Moritellaceae,Moritella
S002165126,Proteobacteria,Gammaproteobacteria,Alteromonadales,Moritellaceae,Moritella
S004456757,Proteobacteria,Gammaproteobacteria,Alteromonadales,Moritellaceae,Moritella
S000131200,Proteobacteria,Gammaproteobacteria,Chromatiales,Chromatiaceae,Nitrosococcus
S000127603,Proteobacteria,Gammaproteobacteria,Chromatiales,Chromatiaceae,Nitrosococcus
S002289331,Proteobacteria,Gammaproteobacteria,Chromatiales,Chromatiaceae,Nitrosococcus
S002288836,Proteobacteria,Gammaproteobacteria,Chromatiales,Chromatiaceae,Nitrosococcus
S000130977,Proteobacteria,Gammaproteobacteria,Chromatiales,Chromatiaceae,Nitrosococcus
S000430561,Proteobacteria,Gammaproteobacteria,Chromatiales,Chromatiaceae,Nitrosococcus
S000430565,Proteobacteria,Gammaproteobacteria,Chromatiales,Chromatiaceae,Nitrosococcus
S000021135,Proteobacteria,Gammaproteobacteria,Chromatiales,Chromatiaceae,Nitrosococcus
S001239127,Proteobacteria,Gammaproteobacteria,Chromatiales,Chromatiaceae,Nitrosococcus
S000340849,Proteobacteria,Gammaproteobacteria,Chromatiales,Chromatiaceae,Nitrosococcus
S001014116,Proteobacteria,Alphaproteobacteria,Caulobacterales,Caulobacteraceae,Brevundimonas
S002961139,Proteobacteria,Alphaproteobacteria,Caulobacterales,Caulobacteraceae,Brevundimonas
S000651558,Proteobacteria,Alphaproteobacteria,Caulobacterales,Caulobacteraceae,Brevundimonas
S003747978,Proteobacteria,Alphaproteobacteria,Caulobacterales,Caulobacteraceae,Brevundimonas
S003748714,Proteobacteria,Alphaproteobacteria,Caulobacterales,Caulobacteraceae,Brevundimonas
S004446703,Proteobacteria,Alphaproteobacteria,Caulobacterales,Caulobacteraceae,Brevundimonas
S001874547,Proteobacteria,Alphaproteobacteria,Caulobacterales,Caulobacteraceae,Brevundimonas
S001610100,Proteobacteria,Alphaproteobacteria,Caulobacterales,Caulobacteraceae,Brevundimonas
S000728418,Proteobacteria,Alphaproteobacteria,Caulobacterales,Caulobacteraceae,Brevundimonas
S003748954,Proteobacteria,Alphaproteobacteria,Caulobacterales,Caulobacteraceae,Brevundimonas
S004482836,Proteobacteria,Gammaproteobacteria,Oceanospirillales,Halomonadaceae,Halovibrio
S003754057,Proteobacteria,Gammaproteobacteria,Oceanospirillales,Halomonadaceae,Halovibrio
S000557096,Proteobacteria,Gammaproteobacteria,Oceanospirillales,Halomonadaceae,Halovibrio
S003754060,Proteobacteria,Gammaproteobacteria,Oceanospirillales,Halomonadaceae,Halovibrio
S001155494,Proteobacteria,Gammaproteobacteria,Oceanospirillales,Halomonadaceae,Halovibrio
S004482857,Proteobacteria,Gammaproteobacteria,Oceanospirillales,Halomonadaceae,Halovibrio
S004482853,Proteobacteria,Gammaproteobacteria,Oceanospirillales,Halomonadaceae,Halovibrio
S004482827,Proteobacteria,Gammaproteobacteria,Oceanospirillales,Halomonadaceae,Halovibrio
S004482837,Proteobacteria,Gammaproteobacteria,Oceanospirillales,Halomonadaceae,Halovibrio
S004482855,Proteobacteria,Gammaproteobacteria,Oceanospirillales,Halomonadaceae,Halovibrio
S001549672,Proteobacteria,Gammaproteobacteria,Alteromonadales,Colwelliaceae,Thalassotalea
S000401518,Proteobacteria,Gammaproteobacteria,Alteromonadales,Colwelliaceae,Thalassotalea
S004216808,Proteobacteria,Gammaproteobacteria,Alteromonadales,Colwelliaceae,Thalassotalea
S004052131,Proteobacteria,Gammaproteobacteria,Alteromonadales,Colwelliaceae,Thalassotalea
S002305871,Proteobacteria,Gammaproteobacteria,Alteromonadales,Colwelliaceae,Thalassotalea
S004492128,Proteobacteria,Gammaproteobacteria,Alteromonadales,Colwelliaceae,Thalassotalea
S002305855,Proteobacteria,Gammaproteobacteria,Alteromonadales,Colwelliaceae,Thalassotalea
S002156605,Proteobacteria,Gammaproteobacteria,Alteromonadales,Colwelliaceae,Thalassotalea
S000871381,Proteobacteria,Gammaproteobacteria,Alteromonadales,Colwelliaceae,Thalassotalea
S004223732,Proteobacteria,Gammaproteobacteria,Alteromonadales,Colwelliaceae,Thalassotalea
S001746531,Proteobacteria,Gammaproteobacteria,Alteromonadales,Psychromonadaceae,Psychromonas
S003710878,Proteobacteria,Gammaproteobacteria,Alteromonadales,Psychromonadaceae,Psychromonas
S003710879,Proteobacteria,Gammaproteobacteria,Alteromonadales,Psychromonadaceae,Psychromonas
S004051916,Proteobacteria,Gammaproteobacteria,Alteromonadales,Psychromonadaceae,Psychromonas
S003314375,Proteobacteria,Gammaproteobacteria,Alteromonadales,Psychromonadaceae,Psychromonas
S001152568,Proteobacteria,Gammaproteobacteria,Alteromonadales,Psychromonadaceae,Psychromonas
S000556649,Proteobacteria,Gammaproteobacteria,Alteromonadales,Psychromonadaceae,Psychromonas
S000964254,Proteobacteria,Gammaproteobacteria,Alteromonadales,Psychromonadaceae,Psychromonas
S000776277,Proteobacteria,Gammaproteobacteria,Alteromonadales,Psychromonadaceae,Psychromonas
S000735761,Proteobacteria,Gammaproteobacteria,Alteromonadales,Psychromonadaceae,Psychromonas
S000002360,Proteobacteria,Gammaproteobacteria,Legionellales,Legionellaceae,Legionella
S002442289,Proteobacteria,Gammaproteobacteria,Legionellales,Legionellaceae,Legionella
S002967768,Proteobacteria,Gammaproteobacteria,Legionellales,Legionellaceae,Legionella
S000591195,Proteobacteria,Gammaproteobacteria,Legionellales,Legionellaceae,Legionella
S004226588,Proteobacteria,Gammaproteobacteria,Legionellales,Legionellaceae,Legionella
S002912777,Proteobacteria,Gammaproteobacteria,Legionellales,Legionellaceae,Legionella
S004055086,Proteobacteria,Gammaproteobacteria,Legionellales,Legionellaceae,Legionella
S000002730,Proteobacteria,Gammaproteobacteria,Legionellales,Legionellaceae,Legionella
S002442286,Proteobacteria,Gammaproteobacteria,Legionellales,Legionellaceae,Legionella
S000003517,Proteobacteria,Gammaproteobacteria,Legionellales,Legionellaceae,Legionella
S001572415,Proteobacteria,Alphaproteobacteria,Rhizobiales,Brucellaceae,Falsochrobactrum
S001572436,Proteobacteria,Alphaproteobacteria,Rhizobiales,Brucellaceae,Falsochrobactrum
S004460880,Proteobacteria,Alphaproteobacteria,Rhizobiales,Brucellaceae,Falsochrobactrum
S001572423,Proteobacteria,Alphaproteobacteria,Rhizobiales,Brucellaceae,Falsochrobactrum
S004126519,Proteobacteria,Alphaproteobacteria,Rhizobiales,Brucellaceae,Falsochrobactrum
S001572424,Proteobacteria,Alphaproteobacteria,Rhizobiales,Brucellaceae,Falsochrobactrum
S004064866,Proteobacteria,Alphaproteobacteria,Rhizobiales,Brucellaceae,Falsochrobactrum
S001572433,Proteobacteria,Alphaproteobacteria,Rhizobiales,Brucellaceae,Falsochrobactrum
S001572416,Proteobacteria,Alphaproteobacteria,Rhizobiales,Brucellaceae,Falsochrobactrum
S004443025,Proteobacteria,Alphaproteobacteria,Rhizobiales,Brucellaceae,Falsochrobactrum
S004508118,Proteobacteria,Alphaproteobacteria,Rhizobiales,Rhizobiaceae,Neorhizobium
S004499584,Proteobacteria,Alphaproteobacteria,Rhizobiales,Rhizobiaceae,Neorhizobium
S003292146,Proteobacteria,Alphaproteobacteria,Rhizobiales,Rhizobiaceae,Neorhizobium
S004230426,Proteobacteria,Alphaproteobacteria,Rhizobiales,Rhizobiaceae,Neorhizobium
S001745942,Proteobacteria,Alphaproteobacteria,Rhizobiales,Rhizobiaceae,Neorhizobium
S000427819,Proteobacteria,Alphaproteobacteria,Rhizobiales,Rhizobiaceae,Neorhizobium
S004216603,Proteobacteria,Alphaproteobacteria,Rhizobiales,Rhizobiaceae,Neorhizobium
S003617505,Proteobacteria,Alphaproteobacteria,Rhizobiales,Rhizobiaceae,Neorhizobium
S004499570,Proteobacteria,Alphaproteobacteria,Rhizobiales,Rhizobiaceae,Neorhizobium
S002153695,Proteobacteria,Alphaproteobacteria,Rhizobiales,Rhizobiaceae,Neorhizobium
S002224750,Proteobacteria,Gammaproteobacteria,Pasteurellales,Pasteurellaceae,Necropsobacter
S001095290,Proteobacteria,Gammaproteobacteria,Pasteurellales,Pasteurellaceae,Necropsobacter
S002225025,Proteobacteria,Gammaproteobacteria,Pasteurellales,Pasteurellaceae,Necropsobacter
S002224749,Proteobacteria,Gammaproteobacteria,Pasteurellales,Pasteurellaceae,Necropsobacter
S002225024,Proteobacteria,Gammaproteobacteria,Pasteurellales,Pasteurellaceae,Necropsobacter
S002225028,Proteobacteria,Gammaproteobacteria,Pasteurellales,Pasteurellaceae,Necropsobacter
S002224748,Proteobacteria,Gammaproteobacteria,Pasteurellales,Pasteurellaceae,Necropsobacter
S001095285,Proteobacteria,Gammaproteobacteria,Pasteurellales,Pasteurellaceae,Necropsobacter
S001095286,Proteobacteria,Gammaproteobacteria,Pasteurellales,Pasteurellaceae,Necropsobacter
S001095293,Proteobacteria,Gammaproteobacteria,Pasteurellales,Pasteurellaceae,Necropsobacter
S004453160,Proteobacteria,Alphaproteobacteria,Rhizobiales,Xanthobacteraceae,Starkeya
S000386311,Proteobacteria,Alphaproteobacteria,Rhizobiales,Xanthobacteraceae,Starkeya
S000627887,Proteobacteria,Alphaproteobacteria,Rhizobiales,Xanthobacteraceae,Starkeya
S001243284,Proteobacteria,Alphaproteobacteria,Rhizobiales,Xanthobacteraceae,Starkeya
S001293026,Proteobacteria,Alphaproteobacteria,Rhizobiales,Xanthobacteraceae,Starkeya
S003284032,Proteobacteria,Alphaproteobacteria,Rhizobiales,Xanthobacteraceae,Starkeya
S004068462,Proteobacteria,Alphaproteobacteria,Rhizobiales,Xanthobacteraceae,Starkeya
S003921887,Proteobacteria,Alphaproteobacteria,Rhizobiales,Xanthobacteraceae,Starkeya
S004218830,Proteobacteria,Alphaproteobacteria,Rhizobiales,Xanthobacteraceae,Starkeya
S000736612,Proteobacteria,Alphaproteobacteria,Rhizobiales,Xanthobacteraceae,Starkeya
S002289585,Proteobacteria,Gammaproteobacteria,Pasteurellales,Pasteurellaceae,Histophilus
S000496363,Proteobacteria,Gammaproteobacteria,Pasteurellales,Pasteurellaceae,Histophilus
S000496338,Proteobacteria,Gammaproteobacteria,Pasteurellales,Pasteurellaceae,Histophilus
S000496358,Proteobacteria,Gammaproteobacteria,Pasteurellales,Pasteurellaceae,Histophilus
S000496365,Proteobacteria,Gammaproteobacteria,Pasteurellales,Pasteurellaceae,Histophilus
S000496353,Proteobacteria,Gammaproteobacteria,Pasteurellales,Pasteurellaceae,Histophilus
S000496364,Proteobacteria,Gammaproteobacteria,Pasteurellales,Pasteurellaceae,Histophilus
S000432790,Proteobacteria,Gammaproteobacteria,Pasteurellales,Pasteurellaceae,Histophilus
S002287213,Proteobacteria,Gammaproteobacteria,Pasteurellales,Pasteurellaceae,Histophilus
S000496344,Proteobacteria,Gammaproteobacteria,Pasteurellales,Pasteurellaceae,Histophilus
S001293275,Proteobacteria,Alphaproteobacteria,Rhizobiales,Rhizobiaceae,Rhizobium
S004447934,Proteobacteria,Alphaproteobacteria,Rhizobiales,Rhizobiaceae,Rhizobium
S004530256,Proteobacteria,Alphaproteobacteria,Rhizobiales,Rhizobiaceae,Rhizobium
S000926234,Proteobacteria,Alphaproteobacteria,Rhizobiales,Rhizobiaceae,Rhizobium
S004217733,Proteobacteria,Alphaproteobacteria,Rhizobiales,Rhizobiaceae,Rhizobium
S000621709,Proteobacteria,Alphaproteobacteria,Rhizobiales,Rhizobiaceae,Rhizobium
S001170257,Proteobacteria,Alphaproteobacteria,Rhizobiales,Rhizobiaceae,Rhizobium
S002449011,Proteobacteria,Alphaproteobacteria,Rhizobiales,Rhizobiaceae,Rhizobium
S001793800,Proteobacteria,Alphaproteobacteria,Rhizobiales,Rhizobiaceae,Rhizobium
S004505607,Proteobacteria,Alphaproteobacteria,Rhizobiales,Rhizobiaceae,Rhizobium
S004046109,Proteobacteria,Alphaproteobacteria,Rhodobacterales,Rhodobacteraceae,Planktomarina
S001417421,Proteobacteria,Alphaproteobacteria,Rhodobacterales,Rhodobacteraceae,Planktomarina
S001589654,Proteobacteria,Alphaproteobacteria,Rhodobacterales,Rhodobacteraceae,Planktomarina
S000893312,Proteobacteria,Alphaproteobacteria,Rhodobacterales,Rhodobacteraceae,Planktomarina
S004126538,Proteobacteria,Alphaproteobacteria,Rhodobacterales,Rhodobacteraceae,Planktomarina
S001589655,Proteobacteria,Alphaproteobacteria,Rhodobacterales,Rhodobacteraceae,Planktomarina
S001589652,Proteobacteria,Alphaproteobacteria,Rhodobacterales,Rhodobacteraceae,Planktomarina
S001589043,Proteobacteria,Alphaproteobacteria,Rhodobacterales,Rhodobacteraceae,Planktomarina
S004126537,Proteobacteria,Alphaproteobacteria,Rhodobacterales,Rhodobacteraceae,Planktomarina
S001094319,Proteobacteria,Alphaproteobacteria,Rhodobacterales,Rhodobacteraceae,Planktomarina
S004481228,Proteobacteria,Gammaproteobacteria,Legionellales,Coxiellaceae,Coxiella
S004443480,Proteobacteria,Gammaproteobacteria,Legionellales,Coxiellaceae,Coxiella
S004481180,Proteobacteria,Gammaproteobacteria,Legionellales,Coxiellaceae,Coxiella
S004481204,Proteobacteria,Gammaproteobacteria,Legionellales,Coxiellaceae,Coxiella
S004481231,Proteobacteria,Gammaproteobacteria,Legionellales,Coxiellaceae,Coxiella
S004481187,Proteobacteria,Gammaproteobacteria,Legionellales,Coxiellaceae,Coxiella
S002032721,Proteobacteria,Gammaproteobacteria,Legionellales,Coxiellaceae,Coxiella
S003313451,Proteobacteria,Gammaproteobacteria,Legionellales,Coxiellaceae,Coxiella
S000632445,Proteobacteria,Gammaproteobacteria,Legionellales,Coxiellaceae,Coxiella
S004481197,Proteobacteria,Gammaproteobacteria,Legionellales,Coxiellaceae,Coxiella
S003285839,Proteobacteria,Alphaproteobacteria,Rhodobacterales,Rhodobacteraceae,Ponticoccus
S003285362,Proteobacteria,Alphaproteobacteria,Rhodobacterales,Rhodobacteraceae,Ponticoccus
S004481476,Proteobacteria,Alphaproteobacteria,Rhodobacterales,Rhodobacteraceae,Ponticoccus
S000871088,Proteobacteria,Alphaproteobacteria,Rhodobacterales,Rhodobacteraceae,Ponticoccus
S002965632,Proteobacteria,Alphaproteobacteria,Rhodobacterales,Rhodobacteraceae,Ponticoccus
S004475830,Proteobacteria,Alphaproteobacteria,Rhodobacterales,Rhodobacteraceae,Ponticoccus
S002151356,Proteobacteria,Alphaproteobacteria,Rhodobacterales,Rhodobacteraceae,Ponticoccus
S004536074,Proteobacteria,Alphaproteobacteria,Rhodobacterales,Rhodobacteraceae,Ponticoccus
S004492471,Proteobacteria,Alphaproteobacteria,Rhodobacterales,Rhodobacteraceae,Ponticoccus
S000690722,Proteobacteria,Alphaproteobacteria,Rhodobacterales,Rhodobacteraceae,Ponticoccus
S002915447,Proteobacteria,Gammaproteobacteria,Pasteurellales,Pasteurellaceae,Nicoletella
S002915449,Proteobacteria,Gammaproteobacteria,Pasteurellales,Pasteurellaceae,Nicoletella
S002915458,Proteobacteria,Gammaproteobacteria,Pasteurellales,Pasteurellaceae,Nicoletella
S000420280,Proteobacteria,Gammaproteobacteria,Pasteurellales,Pasteurellaceae,Nicoletella
S000420277,Proteobacteria,Gammaproteobacteria,Pasteurellales,Pasteurellaceae,Nicoletella
S002915440,Proteobacteria,Gammaproteobacteria,Pasteurellales,Pasteurellaceae,Nicoletella
S000420269,Proteobacteria,Gammaproteobacteria,Pasteurellales,Pasteurellaceae,Nicoletella
S002915439,Proteobacteria,Gammaproteobacteria,Pasteurellales,Pasteurellaceae,Nicoletella
S000420267,Proteobacteria,Gammaproteobacteria,Pasteurellales,Pasteurellaceae,Nicoletella
S000444905,Proteobacteria,Gammaproteobacteria,Pasteurellales,Pasteurellaceae,Nicoletella
S000859418,Proteobacteria,Gammaproteobacteria,Oceanospirillales,Hahellaceae,Hahella
S003722202,Proteobacteria,Gammaproteobacteria,Oceanospirillales,Hahellaceae,Hahella
S000422111,Proteobacteria,Gammaproteobacteria,Oceanospirillales,Hahellaceae,Hahella
S002910135,Proteobacteria,Gammaproteobacteria,Oceanospirillales,Hahellaceae,Hahella
S000624658,Proteobacteria,Gammaproteobacteria,Oceanospirillales,Hahellaceae,Hahella
S000624651,Proteobacteria,Gammaproteobacteria,Oceanospirillales,Hahellaceae,Hahella
S004490480,Proteobacteria,Gammaproteobacteria,Oceanospirillales,Hahellaceae,Hahella
S003611175,Proteobacteria,Gammaproteobacteria,Oceanospirillales,Hahellaceae,Hahella
S003263790,Proteobacteria,Gammaproteobacteria,Oceanospirillales,Hahellaceae,Hahella
S000624655,Proteobacteria,Gammaproteobacteria,Oceanospirillales,Hahellaceae,Hahella
S004066098,Proteobacteria,Gammaproteobacteria,Alteromonadales,Ferrimonadaceae,Ferrimonas
S000722060,Proteobacteria,Gammaproteobacteria,Alteromonadales,Ferrimonadaceae,Ferrimonas
S003264056,Proteobacteria,Gammaproteobacteria,Alteromonadales,Ferrimonadaceae,Ferrimonas
S000469883,Proteobacteria,Gammaproteobacteria,Alteromonadales,Ferrimonadaceae,Ferrimonas
S003314339,Proteobacteria,Gammaproteobacteria,Alteromonadales,Ferrimonadaceae,Ferrimonas
S004066097,Proteobacteria,Gammaproteobacteria,Alteromonadales,Ferrimonadaceae,Ferrimonas
S003314288,Proteobacteria,Gammaproteobacteria,Alteromonadales,Ferrimonadaceae,Ferrimonas
S000469885,Proteobacteria,Gammaproteobacteria,Alteromonadales,Ferrimonadaceae,Ferrimonas
S004066095,Proteobacteria,Gammaproteobacteria,Alteromonadales,Ferrimonadaceae,Ferrimonas
S001549670,Proteobacteria,Gammaproteobacteria,Alteromonadales,Ferrimonadaceae,Ferrimonas
S001265073,Proteobacteria,Alphaproteobacteria,Rhizobiales,Phyllobacteriaceae,Phyllobacterium
S002442638,Proteobacteria,Alphaproteobacteria,Rhizobiales,Phyllobacteriaceae,Phyllobacterium
S002962315,Proteobacteria,Alphaproteobacteria,Rhizobiales,Phyllobacteriaceae,Phyllobacterium
S003712272,Proteobacteria,Alphaproteobacteria,Rhizobiales,Phyllobacteriaceae,Phyllobacterium
S002916451,Proteobacteria,Alphaproteobacteria,Rhizobiales,Phyllobacteriaceae,Phyllobacterium
S000966344,Proteobacteria,Alphaproteobacteria,Rhizobiales,Phyllobacteriaceae,Phyllobacterium
S002917908,Proteobacteria,Alphaproteobacteria,Rhizobiales,Phyllobacteriaceae,Phyllobacterium
S000859193,Proteobacteria,Alphaproteobacteria,Rhizobiales,Phyllobacteriaceae,Phyllobacterium
S000728004,Proteobacteria,Alphaproteobacteria,Rhizobiales,Phyllobacteriaceae,Phyllobacterium
S003747849,Proteobacteria,Alphaproteobacteria,Rhizobiales,Phyllobacteriaceae,Phyllobacterium
S004231749,Proteobacteria,Alphaproteobacteria,Rhodospirillales,Rhodospirillaceae,Novispirillum
S000384592,Proteobacteria,Alphaproteobacteria,Rhodospirillales,Rhodospirillaceae,Novispirillum
S000871873,Proteobacteria,Alphaproteobacteria,Rhodospirillales,Rhodospirillaceae,Novispirillum
S000409181,Proteobacteria,Alphaproteobacteria,Rhodospirillales,Rhodospirillaceae,Novispirillum
S003262823,Proteobacteria,Alphaproteobacteria,Rhodospirillales,Rhodospirillaceae,Novispirillum
S002912756,Proteobacteria,Alphaproteobacteria,Rhodospirillales,Rhodospirillaceae,Novispirillum
S000128881,Proteobacteria,Alphaproteobacteria,Rhodospirillales,Rhodospirillaceae,Novispirillum
S003262353,Proteobacteria,Alphaproteobacteria,Rhodospirillales,Rhodospirillaceae,Novispirillum
S002912755,Proteobacteria,Alphaproteobacteria,Rhodospirillales,Rhodospirillaceae,Novispirillum
S003262598,Proteobacteria,Alphaproteobacteria,Rhodospirillales,Rhodospirillaceae,Novispirillum
S000412962,Proteobacteria,Betaproteobacteria,Neisseriales,Neisseriaceae,Kingella
S000436070,Proteobacteria,Betaproteobacteria,Neisseriales,Neisseriaceae,Kingella
S000436071,Proteobacteria,Betaproteobacteria,Neisseriales,Neisseriaceae,Kingella
S004508016,Proteobacteria,Betaproteobacteria,Neisseriales,Neisseriaceae,Kingella
S004508014,Proteobacteria,Betaproteobacteria,Neisseriales,Neisseriaceae,Kingella
S002034989,Proteobacteria,Betaproteobacteria,Neisseriales,Neisseriaceae,Kingella
S000412960,Proteobacteria,Betaproteobacteria,Neisseriales,Neisseriaceae,Kingella
S004508017,Proteobacteria,Betaproteobacteria,Neisseriales,Neisseriaceae,Kingella
S004508015,Proteobacteria,Betaproteobacteria,Neisseriales,Neisseriaceae,Kingella
S004233300,Proteobacteria,Betaproteobacteria,Neisseriales,Neisseriaceae,Kingella
S000392855,Proteobacteria,Gammaproteobacteria,Alteromonadales,Alteromonadaceae,Alteromonas
S003721298,Proteobacteria,Gammaproteobacteria,Alteromonadales,Alteromonadaceae,Alteromonas
S002913652,Proteobacteria,Gammaproteobacteria,Alteromonadales,Alteromonadaceae,Alteromonas
S003755530,Proteobacteria,Gammaproteobacteria,Alteromonadales,Alteromonadaceae,Alteromonas
S003302974,Proteobacteria,Gammaproteobacteria,Alteromonadales,Alteromonadaceae,Alteromonas
S003880388,Proteobacteria,Gammaproteobacteria,Alteromonadales,Alteromonadaceae,Alteromonas
S004068628,Proteobacteria,Gammaproteobacteria,Alteromonadales,Alteromonadaceae,Alteromonas
S000426367,Proteobacteria,Gammaproteobacteria,Alteromonadales,Alteromonadaceae,Alteromonas
S000390741,Proteobacteria,Gammaproteobacteria,Alteromonadales,Alteromonadaceae,Alteromonas
S002965736,Proteobacteria,Gammaproteobacteria,Alteromonadales,Alteromonadaceae,Alteromonas
S000596705,Proteobacteria,Gammaproteobacteria,Vibrionales,Vibrionaceae,Photobacterium
S000596371,Proteobacteria,Gammaproteobacteria,Vibrionales,Vibrionaceae,Photobacterium
S000596346,Proteobacteria,Gammaproteobacteria,Vibrionales,Vibrionaceae,Photobacterium
S000690419,Proteobacteria,Gammaproteobacteria,Vibrionales,Vibrionaceae,Photobacterium
S004083047,Proteobacteria,Gammaproteobacteria,Vibrionales,Vibrionaceae,Photobacterium
S000690418,Proteobacteria,Gammaproteobacteria,Vibrionales,Vibrionaceae,Photobacterium
S003611019,Proteobacteria,Gammaproteobacteria,Vibrionales,Vibrionaceae,Photobacterium
S002034332,Proteobacteria,Gammaproteobacteria,Vibrionales,Vibrionaceae,Photobacterium
S000690413,Proteobacteria,Gammaproteobacteria,Vibrionales,Vibrionaceae,Photobacterium
S002287662,Proteobacteria,Gammaproteobacteria,Vibrionales,Vibrionaceae,Photobacterium
S001416030,Proteobacteria,Alphaproteobacteria,Rhizobiales,Bradyrhizobiaceae,Rhodopseudomonas
S002222619,Proteobacteria,Alphaproteobacteria,Rhizobiales,Bradyrhizobiaceae,Rhodopseudomonas
S001416029,Proteobacteria,Alphaproteobacteria,Rhizobiales,Bradyrhizobiaceae,Rhodopseudomonas
S000575142,Proteobacteria,Alphaproteobacteria,Rhizobiales,Bradyrhizobiaceae,Rhodopseudomonas
S000943366,Proteobacteria,Alphaproteobacteria,Rhizobiales,Bradyrhizobiaceae,Rhodopseudomonas
S002304183,Proteobacteria,Alphaproteobacteria,Rhizobiales,Bradyrhizobiaceae,Rhodopseudomonas
S004226177,Proteobacteria,Alphaproteobacteria,Rhizobiales,Bradyrhizobiaceae,Rhodopseudomonas
S000345820,Proteobacteria,Alphaproteobacteria,Rhizobiales,Bradyrhizobiaceae,Rhodopseudomonas
S000996151,Proteobacteria,Alphaproteobacteria,Rhizobiales,Bradyrhizobiaceae,Rhodopseudomonas
S000438679,Proteobacteria,Alphaproteobacteria,Rhizobiales,Bradyrhizobiaceae,Rhodopseudomonas
S004449402,Proteobacteria,Gammaproteobacteria,Xanthomonadales,Xanthomonadaceae,Stenotrophomonas
S004064672,Proteobacteria,Gammaproteobacteria,Xanthomonadales,Xanthomonadaceae,Stenotrophomonas
S000841811,Proteobacteria,Gammaproteobacteria,Xanthomonadales,Xanthomonadaceae,Stenotrophomonas
S002951116,Proteobacteria,Gammaproteobacteria,Xanthomonadales,Xanthomonadaceae,Stenotrophomonas
S004479944,Proteobacteria,Gammaproteobacteria,Xanthomonadales,Xanthomonadaceae,Stenotrophomonas
S002235122,Proteobacteria,Gammaproteobacteria,Xanthomonadales,Xanthomonadaceae,Stenotrophomonas
S000618438,Proteobacteria,Gammaproteobacteria,Xanthomonadales,Xanthomonadaceae,Stenotrophomonas
S000319940,Proteobacteria,Gammaproteobacteria,Xanthomonadales,Xanthomonadaceae,Stenotrophomonas
S003751148,Proteobacteria,Gammaproteobacteria,Xanthomonadales,Xanthomonadaceae,Stenotrophomonas
S001198436,Proteobacteria,Gammaproteobacteria,Xanthomonadales,Xanthomonadaceae,Stenotrophomonas
S000871268,Proteobacteria,Gammaproteobacteria,Alteromonadales,Alteromonadaceae,Agarivorans
S002167630,Proteobacteria,Gammaproteobacteria,Alteromonadales,Alteromonadaceae,Agarivorans
S004086720,Proteobacteria,Gammaproteobacteria,Alteromonadales,Alteromonadaceae,Agarivorans
S004451289,Proteobacteria,Gammaproteobacteria,Alteromonadales,Alteromonadaceae,Agarivorans
S001611593,Proteobacteria,Gammaproteobacteria,Alteromonadales,Alteromonadaceae,Agarivorans
S001872357,Proteobacteria,Gammaproteobacteria,Alteromonadales,Alteromonadaceae,Agarivorans
S002167607,Proteobacteria,Gammaproteobacteria,Alteromonadales,Alteromonadaceae,Agarivorans
S004451281,Proteobacteria,Gammaproteobacteria,Alteromonadales,Alteromonadaceae,Agarivorans
S003921769,Proteobacteria,Gammaproteobacteria,Alteromonadales,Alteromonadaceae,Agarivorans
S002907580,Proteobacteria,Gammaproteobacteria,Alteromonadales,Alteromonadaceae,Agarivorans
S003264745,Proteobacteria,Alphaproteobacteria,Caulobacterales,Hyphomonadaceae,Algimonas
S003717965,Proteobacteria,Alphaproteobacteria,Caulobacterales,Hyphomonadaceae,Algimonas
S003717962,Proteobacteria,Alphaproteobacteria,Caulobacterales,Hyphomonadaceae,Algimonas
S001242352,Proteobacteria,Alphaproteobacteria,Caulobacterales,Hyphomonadaceae,Algimonas
S004086066,Proteobacteria,Alphaproteobacteria,Caulobacterales,Hyphomonadaceae,Algimonas
S004534665,Proteobacteria,Alphaproteobacteria,Caulobacterales,Hyphomonadaceae,Algimonas
S003710453,Proteobacteria,Alphaproteobacteria,Caulobacterales,Hyphomonadaceae,Algimonas
S003719643,Proteobacteria,Alphaproteobacteria,Caulobacterales,Hyphomonadaceae,Algimonas
S003710452,Proteobacteria,Alphaproteobacteria,Caulobacterales,Hyphomonadaceae,Algimonas
S003264746,Proteobacteria,Alphaproteobacteria,Caulobacterales,Hyphomonadaceae,Algimonas
S003804971,Proteobacteria,Alphaproteobacteria,Rhizobiales,Xanthobacteraceae,Ancylobacter
S004453198,Proteobacteria,Alphaproteobacteria,Rhizobiales,Xanthobacteraceae,Ancylobacter
S003313226,Proteobacteria,Alphaproteobacteria,Rhizobiales,Xanthobacteraceae,Ancylobacter
S001292994,Proteobacteria,Alphaproteobacteria,Rhizobiales,Xanthobacteraceae,Ancylobacter
S000728005,Proteobacteria,Alphaproteobacteria,Rhizobiales,Xanthobacteraceae,Ancylobacter
S000980086,Proteobacteria,Alphaproteobacteria,Rhizobiales,Xanthobacteraceae,Ancylobacter
S000736611,Proteobacteria,Alphaproteobacteria,Rhizobiales,Xanthobacteraceae,Ancylobacter
S000399976,Proteobacteria,Alphaproteobacteria,Rhizobiales,Xanthobacteraceae,Ancylobacter
S003284304,Proteobacteria,Alphaproteobacteria,Rhizobiales,Xanthobacteraceae,Ancylobacter
S001611149,Proteobacteria,Alphaproteobacteria,Rhizobiales,Xanthobacteraceae,Ancylobacter
S004530301,Proteobacteria,Betaproteobacteria,Neisseriales,Neisseriaceae,Chitinibacter
S004530888,Proteobacteria,Betaproteobacteria,Neisseriales,Neisseriaceae,Chitinibacter
S004530273,Proteobacteria,Betaproteobacteria,Neisseriales,Neisseriaceae,Chitinibacter
S002964259,Proteobacteria,Betaproteobacteria,Neisseriales,Neisseriaceae,Chitinibacter
S004508868,Proteobacteria,Betaproteobacteria,Neisseriales,Neisseriaceae,Chitinibacter
S004505401,Proteobacteria,Betaproteobacteria,Neisseriales,Neisseriaceae,Chitinibacter
S000441003,Proteobacteria,Betaproteobacteria,Neisseriales,Neisseriaceae,Chitinibacter
S004530821,Proteobacteria,Betaproteobacteria,Neisseriales,Neisseriaceae,Chitinibacter
S004450485,Proteobacteria,Betaproteobacteria,Neisseriales,Neisseriaceae,Chitinibacter
S001293201,Proteobacteria,Betaproteobacteria,Neisseriales,Neisseriaceae,Chitinibacter
S000385739,Proteobacteria,Gammaproteobacteria,Oceanospirillales,Oceanospirillaceae,Marinospirillum
S004089299,Proteobacteria,Gammaproteobacteria,Oceanospirillales,Oceanospirillaceae,Marinospirillum
S000427372,Proteobacteria,Gammaproteobacteria,Oceanospirillales,Oceanospirillaceae,Marinospirillum
S004226627,Proteobacteria,Gammaproteobacteria,Oceanospirillales,Oceanospirillaceae,Marinospirillum
S003259567,Proteobacteria,Gammaproteobacteria,Oceanospirillales,Oceanospirillaceae,Marinospirillum
S003262753,Proteobacteria,Gammaproteobacteria,Oceanospirillales,Oceanospirillaceae,Marinospirillum
S000385740,Proteobacteria,Gammaproteobacteria,Oceanospirillales,Oceanospirillaceae,Marinospirillum
S003263024,Proteobacteria,Gammaproteobacteria,Oceanospirillales,Oceanospirillaceae,Marinospirillum
S000385742,Proteobacteria,Gammaproteobacteria,Oceanospirillales,Oceanospirillaceae,Marinospirillum
S000824848,Proteobacteria,Gammaproteobacteria,Oceanospirillales,Oceanospirillaceae,Marinospirillum
S002410894,Proteobacteria,Alphaproteobacteria,Sphingomonadales,Sphingomonadaceae,Rhizorhabdus
S004053197,Proteobacteria,Alphaproteobacteria,Sphingomonadales,Sphingomonadaceae,Rhizorhabdus
S004053201,Proteobacteria,Alphaproteobacteria,Sphingomonadales,Sphingomonadaceae,Rhizorhabdus
S004053198,Proteobacteria,Alphaproteobacteria,Sphingomonadales,Sphingomonadaceae,Rhizorhabdus
S004053181,Proteobacteria,Alphaproteobacteria,Sphingomonadales,Sphingomonadaceae,Rhizorhabdus
S000901489,Proteobacteria,Alphaproteobacteria,Sphingomonadales,Sphingomonadaceae,Rhizorhabdus
S004053185,Proteobacteria,Alphaproteobacteria,Sphingomonadales,Sphingomonadaceae,Rhizorhabdus
S004215919,Proteobacteria,Alphaproteobacteria,Sphingomonadales,Sphingomonadaceae,Rhizorhabdus
S004215899,Proteobacteria,Alphaproteobacteria,Sphingomonadales,Sphingomonadaceae,Rhizorhabdus
S003287011,Proteobacteria,Alphaproteobacteria,Sphingomonadales,Sphingomonadaceae,Rhizorhabdus
S004072863,Proteobacteria,Alphaproteobacteria,Rhodobacterales,Rhodobacteraceae,Amylibacter
S001198047,Proteobacteria,Alphaproteobacteria,Rhodobacterales,Rhodobacteraceae,Amylibacter
S001188601,Proteobacteria,Alphaproteobacteria,Rhodobacterales,Rhodobacteraceae,Amylibacter
S001418704,Proteobacteria,Alphaproteobacteria,Rhodobacterales,Rhodobacteraceae,Amylibacter
S004072830,Proteobacteria,Alphaproteobacteria,Rhodobacterales,Rhodobacteraceae,Amylibacter
S001188569,Proteobacteria,Alphaproteobacteria,Rhodobacterales,Rhodobacteraceae,Amylibacter
S004072840,Proteobacteria,Alphaproteobacteria,Rhodobacterales,Rhodobacteraceae,Amylibacter
S004126140,Proteobacteria,Alphaproteobacteria,Rhodobacterales,Rhodobacteraceae,Amylibacter
S001417617,Proteobacteria,Alphaproteobacteria,Rhodobacterales,Rhodobacteraceae,Amylibacter
S004072846,Proteobacteria,Alphaproteobacteria,Rhodobacterales,Rhodobacteraceae,Amylibacter
S001873717,Proteobacteria,Alphaproteobacteria,Rhodospirillales,Rhodospirillaceae,Niveispirillum
S002351620,Proteobacteria,Alphaproteobacteria,Rhodospirillales,Rhodospirillaceae,Niveispirillum
S000014208,Proteobacteria,Alphaproteobacteria,Rhodospirillales,Rhodospirillaceae,Niveispirillum
S001331717,Proteobacteria,Alphaproteobacteria,Rhodospirillales,Rhodospirillaceae,Niveispirillum
S000130710,Proteobacteria,Alphaproteobacteria,Rhodospirillales,Rhodospirillaceae,Niveispirillum
S003303479,Proteobacteria,Alphaproteobacteria,Rhodospirillales,Rhodospirillaceae,Niveispirillum
S003277919,Proteobacteria,Alphaproteobacteria,Rhodospirillales,Rhodospirillaceae,Niveispirillum
S000003850,Proteobacteria,Alphaproteobacteria,Rhodospirillales,Rhodospirillaceae,Niveispirillum
S000995284,Proteobacteria,Alphaproteobacteria,Rhodospirillales,Rhodospirillaceae,Niveispirillum
S003261799,Proteobacteria,Alphaproteobacteria,Rhodospirillales,Rhodospirillaceae,Niveispirillum
S000539433,Proteobacteria,Gammaproteobacteria,Oceanospirillales,Halomonadaceae,Cobetia
S004055547,Proteobacteria,Gammaproteobacteria,Oceanospirillales,Halomonadaceae,Cobetia
S000483950,Proteobacteria,Gammaproteobacteria,Oceanospirillales,Halomonadaceae,Cobetia
S001242530,Proteobacteria,Gammaproteobacteria,Oceanospirillales,Halomonadaceae,Cobetia
S000805429,Proteobacteria,Gammaproteobacteria,Oceanospirillales,Halomonadaceae,Cobetia
S003262804,Proteobacteria,Gammaproteobacteria,Oceanospirillales,Halomonadaceae,Cobetia
S004082541,Proteobacteria,Gammaproteobacteria,Oceanospirillales,Halomonadaceae,Cobetia
S001242533,Proteobacteria,Gammaproteobacteria,Oceanospirillales,Halomonadaceae,Cobetia
S004088574,Proteobacteria,Gammaproteobacteria,Oceanospirillales,Halomonadaceae,Cobetia
S000608752,Proteobacteria,Gammaproteobacteria,Oceanospirillales,Halomonadaceae,Cobetia
S004076869,Proteobacteria,Betaproteobacteria,Ferrovales,Ferrovaceae,Ferrovum
S004076877,Proteobacteria,Betaproteobacteria,Ferrovales,Ferrovaceae,Ferrovum
S004076864,Proteobacteria,Betaproteobacteria,Ferrovales,Ferrovaceae,Ferrovum
S004507602,Proteobacteria,Betaproteobacteria,Ferrovales,Ferrovaceae,Ferrovum
S003751659,Proteobacteria,Betaproteobacteria,Ferrovales,Ferrovaceae,Ferrovum
S004076861,Proteobacteria,Betaproteobacteria,Ferrovales,Ferrovaceae,Ferrovum
S004076863,Proteobacteria,Betaproteobacteria,Ferrovales,Ferrovaceae,Ferrovum
S004076871,Proteobacteria,Betaproteobacteria,Ferrovales,Ferrovaceae,Ferrovum
S002152102,Proteobacteria,Betaproteobacteria,Ferrovales,Ferrovaceae,Ferrovum
S003751661,Proteobacteria,Betaproteobacteria,Ferrovales,Ferrovaceae,Ferrovum
S004225840,Proteobacteria,Gammaproteobacteria,Pasteurellales,Pasteurellaceae,Phocoenobacter
S004225836,Proteobacteria,Gammaproteobacteria,Pasteurellales,Pasteurellaceae,Phocoenobacter
S004225837,Proteobacteria,Gammaproteobacteria,Pasteurellales,Pasteurellaceae,Phocoenobacter
S004225842,Proteobacteria,Gammaproteobacteria,Pasteurellales,Pasteurellaceae,Phocoenobacter
S004225841,Proteobacteria,Gammaproteobacteria,Pasteurellales,Pasteurellaceae,Phocoenobacter
S004225839,Proteobacteria,Gammaproteobacteria,Pasteurellales,Pasteurellaceae,Phocoenobacter
S004087955,Proteobacteria,Gammaproteobacteria,Pasteurellales,Pasteurellaceae,Phocoenobacter
S004087954,Proteobacteria,Gammaproteobacteria,Pasteurellales,Pasteurellaceae,Phocoenobacter
S004087957,Proteobacteria,Gammaproteobacteria,Pasteurellales,Pasteurellaceae,Phocoenobacter
S000007815,Proteobacteria,Gammaproteobacteria,Pasteurellales,Pasteurellaceae,Phocoenobacter
S002222109,Proteobacteria,Alphaproteobacteria,Sphingomonadales,Erythrobacteraceae,Erythrobacter
S000776701,Proteobacteria,Alphaproteobacteria,Sphingomonadales,Erythrobacteraceae,Erythrobacter
S002966600,Proteobacteria,Alphaproteobacteria,Sphingomonadales,Erythrobacteraceae,Erythrobacter
S004502586,Proteobacteria,Alphaproteobacteria,Sphingomonadales,Erythrobacteraceae,Erythrobacter
S003806948,Proteobacteria,Alphaproteobacteria,Sphingomonadales,Erythrobacteraceae,Erythrobacter
S003718914,Proteobacteria,Alphaproteobacteria,Sphingomonadales,Erythrobacteraceae,Erythrobacter
S003718897,Proteobacteria,Alphaproteobacteria,Sphingomonadales,Erythrobacteraceae,Erythrobacter
S000776164,Proteobacteria,Alphaproteobacteria,Sphingomonadales,Erythrobacteraceae,Erythrobacter
S000391615,Proteobacteria,Alphaproteobacteria,Sphingomonadales,Erythrobacteraceae,Erythrobacter
S001094301,Proteobacteria,Alphaproteobacteria,Sphingomonadales,Erythrobacteraceae,Erythrobacter
S002442096,Proteobacteria,Gammaproteobacteria,Oceanospirillales,Oceanospirillaceae,Amphritea
S000901535,Proteobacteria,Gammaproteobacteria,Oceanospirillales,Oceanospirillaceae,Amphritea
S003719075,Proteobacteria,Gammaproteobacteria,Oceanospirillales,Oceanospirillaceae,Amphritea
S002442122,Proteobacteria,Gammaproteobacteria,Oceanospirillales,Oceanospirillaceae,Amphritea
S003718922,Proteobacteria,Gammaproteobacteria,Oceanospirillales,Oceanospirillaceae,Amphritea
S002442123,Proteobacteria,Gammaproteobacteria,Oceanospirillales,Oceanospirillaceae,Amphritea
S003287966,Proteobacteria,Gammaproteobacteria,Oceanospirillales,Oceanospirillaceae,Amphritea
S003808864,Proteobacteria,Gammaproteobacteria,Oceanospirillales,Oceanospirillaceae,Amphritea
S003808859,Proteobacteria,Gammaproteobacteria,Oceanospirillales,Oceanospirillaceae,Amphritea
S002442061,Proteobacteria,Gammaproteobacteria,Oceanospirillales,Oceanospirillaceae,Amphritea
S000925495,Proteobacteria,Gammaproteobacteria,Xanthomonadales,Xanthomonadaceae,Thermomonas
S004045352,Proteobacteria,Gammaproteobacteria,Xanthomonadales,Xanthomonadaceae,Thermomonas
S000500162,Proteobacteria,Gammaproteobacteria,Xanthomonadales,Xanthomonadaceae,Thermomonas
S003715887,Proteobacteria,Gammaproteobacteria,Xanthomonadales,Xanthomonadaceae,Thermomonas
S000441854,Proteobacteria,Gammaproteobacteria,Xanthomonadales,Xanthomonadaceae,Thermomonas
S001351729,Proteobacteria,Gammaproteobacteria,Xanthomonadales,Xanthomonadaceae,Thermomonas
S000440531,Proteobacteria,Gammaproteobacteria,Xanthomonadales,Xanthomonadaceae,Thermomonas
S000588727,Proteobacteria,Gammaproteobacteria,Xanthomonadales,Xanthomonadaceae,Thermomonas
S000252569,Proteobacteria,Gammaproteobacteria,Xanthomonadales,Xanthomonadaceae,Thermomonas
S000140772,Proteobacteria,Gammaproteobacteria,Xanthomonadales,Xanthomonadaceae,Thermomonas
S004461856,Proteobacteria,Alphaproteobacteria,Sphingomonadales,Erythrobacteraceae,Croceicoccus
S004496725,Proteobacteria,Alphaproteobacteria,Sphingomonadales,Erythrobacteraceae,Croceicoccus
S004227485,Proteobacteria,Alphaproteobacteria,Sphingomonadales,Erythrobacteraceae,Croceicoccus
S000382387,Proteobacteria,Alphaproteobacteria,Sphingomonadales,Erythrobacteraceae,Croceicoccus
S004496727,Proteobacteria,Alphaproteobacteria,Sphingomonadales,Erythrobacteraceae,Croceicoccus
S004496724,Proteobacteria,Alphaproteobacteria,Sphingomonadales,Erythrobacteraceae,Croceicoccus
S001099370,Proteobacteria,Alphaproteobacteria,Sphingomonadales,Erythrobacteraceae,Croceicoccus
S000438764,Proteobacteria,Alphaproteobacteria,Sphingomonadales,Erythrobacteraceae,Croceicoccus
S003263433,Proteobacteria,Alphaproteobacteria,Sphingomonadales,Erythrobacteraceae,Croceicoccus
S003807512,Proteobacteria,Alphaproteobacteria,Sphingomonadales,Erythrobacteraceae,Croceicoccus
S000531033,Proteobacteria,Alphaproteobacteria,Rhodobacterales,Rhodobacteraceae,Aliiroseovarius
S004535939,Proteobacteria,Alphaproteobacteria,Rhodobacterales,Rhodobacteraceae,Aliiroseovarius
S001417415,Proteobacteria,Alphaproteobacteria,Rhodobacterales,Rhodobacteraceae,Aliiroseovarius
S003313424,Proteobacteria,Alphaproteobacteria,Rhodobacterales,Rhodobacteraceae,Aliiroseovarius
S000531025,Proteobacteria,Alphaproteobacteria,Rhodobacterales,Rhodobacteraceae,Aliiroseovarius
S000628388,Proteobacteria,Alphaproteobacteria,Rhodobacterales,Rhodobacteraceae,Aliiroseovarius
S004532660,Proteobacteria,Alphaproteobacteria,Rhodobacterales,Rhodobacteraceae,Aliiroseovarius
S000531026,Proteobacteria,Alphaproteobacteria,Rhodobacterales,Rhodobacteraceae,Aliiroseovarius
S004492679,Proteobacteria,Alphaproteobacteria,Rhodobacterales,Rhodobacteraceae,Aliiroseovarius
S002410908,Proteobacteria,Alphaproteobacteria,Rhodobacterales,Rhodobacteraceae,Aliiroseovarius
S003718973,Proteobacteria,Alphaproteobacteria,Rhodobacterales,Rhodobacteraceae,Sagittula
S001243118,Proteobacteria,Alphaproteobacteria,Rhodobacterales,Rhodobacteraceae,Sagittula
S003718910,Proteobacteria,Alphaproteobacteria,Rhodobacterales,Rhodobacteraceae,Sagittula
S001099361,Proteobacteria,Alphaproteobacteria,Rhodobacterales,Rhodobacteraceae,Sagittula
S003718959,Proteobacteria,Alphaproteobacteria,Rhodobacterales,Rhodobacteraceae,Sagittula
S002965634,Proteobacteria,Alphaproteobacteria,Rhodobacterales,Rhodobacteraceae,Sagittula
S001168807,Proteobacteria,Alphaproteobacteria,Rhodobacterales,Rhodobacteraceae,Sagittula
S003718907,Proteobacteria,Alphaproteobacteria,Rhodobacterales,Rhodobacteraceae,Sagittula
S003718913,Proteobacteria,Alphaproteobacteria,Rhodobacterales,Rhodobacteraceae,Sagittula
S002965657,Proteobacteria,Alphaproteobacteria,Rhodobacterales,Rhodobacteraceae,Sagittula
S004501839,Proteobacteria,Alphaproteobacteria,Rhizobiales,Rhizobiaceae,Shinella
S003280186,Proteobacteria,Alphaproteobacteria,Rhizobiales,Rhizobiaceae,Shinella
S004050141,Proteobacteria,Alphaproteobacteria,Rhizobiales,Rhizobiaceae,Shinella
S004053305,Proteobacteria,Alphaproteobacteria,Rhizobiales,Rhizobiaceae,Shinella
S000691525,Proteobacteria,Alphaproteobacteria,Rhizobiales,Rhizobiaceae,Shinella
S004488990,Proteobacteria,Alphaproteobacteria,Rhizobiales,Rhizobiaceae,Shinella
S001294604,Proteobacteria,Alphaproteobacteria,Rhizobiales,Rhizobiaceae,Shinella
S001265105,Proteobacteria,Alphaproteobacteria,Rhizobiales,Rhizobiaceae,Shinella
S000735205,Proteobacteria,Alphaproteobacteria,Rhizobiales,Rhizobiaceae,Shinella
S000980460,Proteobacteria,Alphaproteobacteria,Rhizobiales,Rhizobiaceae,Shinella
S003752018,Proteobacteria,Betaproteobacteria,Neisseriales,Neisseriaceae,Neisseria
S004068030,Proteobacteria,Betaproteobacteria,Neisseriales,Neisseriaceae,Neisseria
S000613491,Proteobacteria,Betaproteobacteria,Neisseriales,Neisseriaceae,Neisseria
S002964321,Proteobacteria,Betaproteobacteria,Neisseriales,Neisseriaceae,Neisseria
S000391890,Proteobacteria,Betaproteobacteria,Neisseriales,Neisseriaceae,Neisseria
S000425598,Proteobacteria,Betaproteobacteria,Neisseriales,Neisseriaceae,Neisseria
S000391127,Proteobacteria,Betaproteobacteria,Neisseriales,Neisseriaceae,Neisseria
S000403854,Proteobacteria,Betaproteobacteria,Neisseriales,Neisseriaceae,Neisseria
S001577256,Proteobacteria,Betaproteobacteria,Neisseriales,Neisseriaceae,Neisseria
S000431114,Proteobacteria,Betaproteobacteria,Neisseriales,Neisseriaceae,Neisseria
S003756800,Proteobacteria,Alphaproteobacteria,Rhizobiales,Hyphomicrobiaceae,Pelagibacterium
S002909565,Proteobacteria,Alphaproteobacteria,Rhizobiales,Hyphomicrobiaceae,Pelagibacterium
S004228830,Proteobacteria,Alphaproteobacteria,Rhizobiales,Hyphomicrobiaceae,Pelagibacterium
S004068970,Proteobacteria,Alphaproteobacteria,Rhizobiales,Hyphomicrobiaceae,Pelagibacterium
S004068969,Proteobacteria,Alphaproteobacteria,Rhizobiales,Hyphomicrobiaceae,Pelagibacterium
S002909564,Proteobacteria,Alphaproteobacteria,Rhizobiales,Hyphomicrobiaceae,Pelagibacterium
S001045374,Proteobacteria,Alphaproteobacteria,Rhizobiales,Hyphomicrobiaceae,Pelagibacterium
S004053533,Proteobacteria,Alphaproteobacteria,Rhizobiales,Hyphomicrobiaceae,Pelagibacterium
S001744281,Proteobacteria,Alphaproteobacteria,Rhizobiales,Hyphomicrobiaceae,Pelagibacterium
S000860066,Proteobacteria,Alphaproteobacteria,Rhizobiales,Hyphomicrobiaceae,Pelagibacterium
S001199432,Proteobacteria,Alphaproteobacteria,Rhodobacterales,Rhodobacteraceae,Loktanella
S000416878,Proteobacteria,Alphaproteobacteria,Rhodobacterales,Rhodobacteraceae,Loktanella
S000966820,Proteobacteria,Alphaproteobacteria,Rhodobacterales,Rhodobacteraceae,Loktanella
S003284948,Proteobacteria,Alphaproteobacteria,Rhodobacterales,Rhodobacteraceae,Loktanella
S003805542,Proteobacteria,Alphaproteobacteria,Rhodobacterales,Rhodobacteraceae,Loktanella
S001417628,Proteobacteria,Alphaproteobacteria,Rhodobacterales,Rhodobacteraceae,Loktanella
S004479657,Proteobacteria,Alphaproteobacteria,Rhodobacterales,Rhodobacteraceae,Loktanella
S003746152,Proteobacteria,Alphaproteobacteria,Rhodobacterales,Rhodobacteraceae,Loktanella
S003284950,Proteobacteria,Alphaproteobacteria,Rhodobacterales,Rhodobacteraceae,Loktanella
S003263717,Proteobacteria,Alphaproteobacteria,Rhodobacterales,Rhodobacteraceae,Loktanella
S000497319,Proteobacteria,Alphaproteobacteria,Sphingomonadales,Sphingomonadaceae,Sphingosinicella
S000644949,Proteobacteria,Alphaproteobacteria,Sphingomonadales,Sphingomonadaceae,Sphingosinicella
S000752246,Proteobacteria,Alphaproteobacteria,Sphingomonadales,Sphingomonadaceae,Sphingosinicella
S000558533,Proteobacteria,Alphaproteobacteria,Sphingomonadales,Sphingomonadaceae,Sphingosinicella
S000543494,Proteobacteria,Alphaproteobacteria,Sphingomonadales,Sphingomonadaceae,Sphingosinicella
S000543493,Proteobacteria,Alphaproteobacteria,Sphingomonadales,Sphingomonadaceae,Sphingosinicella
S000352308,Proteobacteria,Alphaproteobacteria,Sphingomonadales,Sphingomonadaceae,Sphingosinicella
S004450788,Proteobacteria,Alphaproteobacteria,Sphingomonadales,Sphingomonadaceae,Sphingosinicella
S004537649,Proteobacteria,Alphaproteobacteria,Sphingomonadales,Sphingomonadaceae,Sphingosinicella
S001168646,Proteobacteria,Alphaproteobacteria,Sphingomonadales,Sphingomonadaceae,Sphingosinicella
S000804584,Proteobacteria,Gammaproteobacteria,Chromatiales,Chromatiaceae,Allochromatium
S001351528,Proteobacteria,Gammaproteobacteria,Chromatiales,Chromatiaceae,Allochromatium
S000537516,Proteobacteria,Gammaproteobacteria,Chromatiales,Chromatiaceae,Allochromatium
S001156625,Proteobacteria,Gammaproteobacteria,Chromatiales,Chromatiaceae,Allochromatium
S001351531,Proteobacteria,Gammaproteobacteria,Chromatiales,Chromatiaceae,Allochromatium
S001611370,Proteobacteria,Gammaproteobacteria,Chromatiales,Chromatiaceae,Allochromatium
S001610950,Proteobacteria,Gammaproteobacteria,Chromatiales,Chromatiaceae,Allochromatium
S001351529,Proteobacteria,Gammaproteobacteria,Chromatiales,Chromatiaceae,Allochromatium
S000979133,Proteobacteria,Gammaproteobacteria,Chromatiales,Chromatiaceae,Allochromatium
S000392830,Proteobacteria,Gammaproteobacteria,Chromatiales,Chromatiaceae,Allochromatium
S001417835,Proteobacteria,Alphaproteobacteria,Rhodobacterales,Rhodobacteraceae,Roseivivax
S004084715,Proteobacteria,Alphaproteobacteria,Rhodobacterales,Rhodobacteraceae,Roseivivax
S000414110,Proteobacteria,Alphaproteobacteria,Rhodobacterales,Rhodobacteraceae,Roseivivax
S004230395,Proteobacteria,Alphaproteobacteria,Rhodobacterales,Rhodobacteraceae,Roseivivax
S001743799,Proteobacteria,Alphaproteobacteria,Rhodobacterales,Rhodobacteraceae,Roseivivax
S003750138,Proteobacteria,Alphaproteobacteria,Rhodobacterales,Rhodobacteraceae,Roseivivax
S000859458,Proteobacteria,Alphaproteobacteria,Rhodobacterales,Rhodobacteraceae,Roseivivax
S004081395,Proteobacteria,Alphaproteobacteria,Rhodobacterales,Rhodobacteraceae,Roseivivax
S002352568,Proteobacteria,Alphaproteobacteria,Rhodobacterales,Rhodobacteraceae,Roseivivax
S004538019,Proteobacteria,Alphaproteobacteria,Rhodobacterales,Rhodobacteraceae,Roseivivax
S001098657,Proteobacteria,Alphaproteobacteria,Sphingomonadales,Sphingomonadaceae,Polymorphobacter
S000691474,Proteobacteria,Alphaproteobacteria,Sphingomonadales,Sphingomonadaceae,Polymorphobacter
S000691473,Proteobacteria,Alphaproteobacteria,Sphingomonadales,Sphingomonadaceae,Polymorphobacter
S003304269,Proteobacteria,Alphaproteobacteria,Sphingomonadales,Sphingomonadaceae,Polymorphobacter
S004452197,Proteobacteria,Alphaproteobacteria,Sphingomonadales,Sphingomonadaceae,Polymorphobacter
S004091531,Proteobacteria,Alphaproteobacteria,Sphingomonadales,Sphingomonadaceae,Polymorphobacter
S004227300,Proteobacteria,Alphaproteobacteria,Sphingomonadales,Sphingomonadaceae,Polymorphobacter
S002223705,Proteobacteria,Alphaproteobacteria,Sphingomonadales,Sphingomonadaceae,Polymorphobacter
S003304262,Proteobacteria,Alphaproteobacteria,Sphingomonadales,Sphingomonadaceae,Polymorphobacter
S004453507,Proteobacteria,Alphaproteobacteria,Sphingomonadales,Sphingomonadaceae,Polymorphobacter
S000399398,Proteobacteria,Gammaproteobacteria,Alteromonadales,Alteromonadaceae,Paraglaciecola
S003304363,Proteobacteria,Gammaproteobacteria,Alteromonadales,Alteromonadaceae,Paraglaciecola
S000399446,Proteobacteria,Gammaproteobacteria,Alteromonadales,Alteromonadaceae,Paraglaciecola
S004066652,Proteobacteria,Gammaproteobacteria,Alteromonadales,Alteromonadaceae,Paraglaciecola
S003304381,Proteobacteria,Gammaproteobacteria,Alteromonadales,Alteromonadaceae,Paraglaciecola
S003314532,Proteobacteria,Gammaproteobacteria,Alteromonadales,Alteromonadaceae,Paraglaciecola
S000399400,Proteobacteria,Gammaproteobacteria,Alteromonadales,Alteromonadaceae,Paraglaciecola
S002442153,Proteobacteria,Gammaproteobacteria,Alteromonadales,Alteromonadaceae,Paraglaciecola
S004224767,Proteobacteria,Gammaproteobacteria,Alteromonadales,Alteromonadaceae,Paraglaciecola
S002035431,Proteobacteria,Gammaproteobacteria,Alteromonadales,Alteromonadaceae,Paraglaciecola
S003747569,Proteobacteria,Gammaproteobacteria,Vibrionales,Vibrionaceae,Salinivibrio
S004475245,Proteobacteria,Gammaproteobacteria,Vibrionales,Vibrionaceae,Salinivibrio
S002440742,Proteobacteria,Gammaproteobacteria,Vibrionales,Vibrionaceae,Salinivibrio
S000728824,Proteobacteria,Gammaproteobacteria,Vibrionales,Vibrionaceae,Salinivibrio
S001014332,Proteobacteria,Gammaproteobacteria,Vibrionales,Vibrionaceae,Salinivibrio
S003812001,Proteobacteria,Gammaproteobacteria,Vibrionales,Vibrionaceae,Salinivibrio
S002440745,Proteobacteria,Gammaproteobacteria,Vibrionales,Vibrionaceae,Salinivibrio
S004490517,Proteobacteria,Gammaproteobacteria,Vibrionales,Vibrionaceae,Salinivibrio
S004475264,Proteobacteria,Gammaproteobacteria,Vibrionales,Vibrionaceae,Salinivibrio
S004535560,Proteobacteria,Gammaproteobacteria,Vibrionales,Vibrionaceae,Salinivibrio
S000644544,Proteobacteria,Betaproteobacteria,Neisseriales,Neisseriaceae,Aquaspirillum
S003262601,Proteobacteria,Betaproteobacteria,Neisseriales,Neisseriaceae,Aquaspirillum
S004449179,Proteobacteria,Betaproteobacteria,Neisseriales,Neisseriaceae,Aquaspirillum
S004449192,Proteobacteria,Betaproteobacteria,Neisseriales,Neisseriaceae,Aquaspirillum
S004449223,Proteobacteria,Betaproteobacteria,Neisseriales,Neisseriaceae,Aquaspirillum
S004449133,Proteobacteria,Betaproteobacteria,Neisseriales,Neisseriaceae,Aquaspirillum
S003262754,Proteobacteria,Betaproteobacteria,Neisseriales,Neisseriaceae,Aquaspirillum
S000020486,Proteobacteria,Betaproteobacteria,Neisseriales,Neisseriaceae,Aquaspirillum
S003222585,Proteobacteria,Betaproteobacteria,Neisseriales,Neisseriaceae,Aquaspirillum
S004450765,Proteobacteria,Betaproteobacteria,Neisseriales,Neisseriaceae,Aquaspirillum
